Symbol,BuyPrice,SellPrice
ETHBTC,0.05328000,0.05329000
LTCBTC,0.00174600,0.00174700
BNBBTC,0.00599000,0.00599100
NEOBTC,0.00028610,0.00028630
QTUMETH,0.00141200,0.00141600
EOSETH,0.00035280,0.00035310
SNTETH,0.00001890,0.00001896
BNTETH,0.00032870,0.00033110
BCCBTC,0.00000000,0.00000000
GASBTC,0.00017310,0.00017320
BNBETH,0.11240000,0.11250000
BTCUSDT,41784.31000000,41784.32000000
ETHUSDT,2226.71000000,2226.72000000
HSRBTC,0.00000000,0.00000000
OAXETH,0.00000000,0.00000000
DNTETH,0.00000000,0.00000000
MCOETH,0.00000000,0.00000000
ICNETH,0.00000000,0.00000000
MCOBTC,0.00000000,0.00000000
WTCBTC,0.00000000,0.00000000
WTCETH,0.00000000,0.00000000
LRCBTC,0.00000608,0.00000609
LRCETH,0.00011418,0.00011425
QTUMBTC,0.00007530,0.00007540
YOYOBTC,0.00000000,0.00000000
OMGBTC,0.00000000,0.00000000
OMGETH,0.00000000,0.00000000
ZRXBTC,0.00000901,0.00000903
ZRXETH,0.00000000,0.00000000
STRATBTC,0.00000000,0.00000000
STRATETH,0.00000000,0.00000000
SNGLSBTC,0.00000000,0.00000000
SNGLSETH,0.00000000,0.00000000
BQXBTC,0.00000000,0.00000000
BQXETH,0.00000000,0.00000000
KNCBTC,0.00001697,0.00001699
KNCETH,0.00000000,0.00000000
FUNBTC,0.00000000,0.00000000
FUNETH,0.00000221,0.00000223
SNMBTC,0.00000000,0.00000000
SNMETH,0.00000000,0.00000000
NEOETH,0.00536500,0.00536900
IOTABTC,0.00000640,0.00000641
IOTAETH,0.00012030,0.00012050
LINKBTC,0.00035750,0.00035760
LINKETH,0.00670900,0.00671200
XVGBTC,0.00000000,0.00000000
XVGETH,0.00000165,0.00000167
SALTBTC,0.00000000,0.00000000
SALTETH,0.00000000,0.00000000
MDABTC,0.00000000,0.00000000
MDAETH,0.00000000,0.00000000
MTLBTC,0.00003785,0.00003793
MTLETH,0.00000000,0.00000000
SUBBTC,0.00000000,0.00000000
SUBETH,0.00000000,0.00000000
EOSBTC,0.00001879,0.00001881
SNTBTC,0.00000100,0.00000101
ETCETH,0.00915000,0.00917000
ETCBTC,0.00048700,0.00048900
MTHBTC,0.00000000,0.00000000
MTHETH,0.00000000,0.00000000
ENGBTC,0.00000000,0.00000000
ENGETH,0.00000000,0.00000000
DNTBTC,0.00000000,0.00000000
ZECBTC,0.00074300,0.00074500
ZECETH,0.01392000,0.01399000
BNTBTC,0.00001753,0.00001755
ASTBTC,0.00000285,0.00000286
ASTETH,0.00000000,0.00000000
DASHBTC,0.00078300,0.00078400
DASHETH,0.01468000,0.01470000
OAXBTC,0.00000425,0.00000426
ICNBTC,0.00000000,0.00000000
BTGBTC,0.00000000,0.00000000
BTGETH,0.00000000,0.00000000
EVXBTC,0.00000000,0.00000000
EVXETH,0.00000000,0.00000000
REQBTC,0.00000212,0.00000214
REQETH,0.00000000,0.00000000
VIBBTC,0.00000167,0.00000168
VIBETH,0.00000000,0.00000000
HSRETH,0.00000000,0.00000000
TRXBTC,0.00000250,0.00000251
TRXETH,0.00004709,0.00004710
POWRBTC,0.00000914,0.00000917
POWRETH,0.00017160,0.00017200
ARKBTC,0.00000000,0.00000000
ARKETH,0.00000000,0.00000000
YOYOETH,0.00000000,0.00000000
XRPBTC,0.00001492,0.00001493
XRPETH,0.00028000,0.00028010
MODBTC,0.00000000,0.00000000
MODETH,0.00000000,0.00000000
ENJBTC,0.00000782,0.00000784
ENJETH,0.00014670,0.00014700
STORJBTC,0.00001622,0.00001624
STORJETH,0.00000000,0.00000000
BNBUSDT,250.20000000,250.30000000
VENBNB,0.00000000,0.00000000
YOYOBNB,0.00000000,0.00000000
POWRBNB,0.00000000,0.00000000
VENBTC,0.00000000,0.00000000
VENETH,0.00000000,0.00000000
KMDBTC,0.00000663,0.00000668
KMDETH,0.00000000,0.00000000
NULSBNB,0.00000000,0.00000000
RCNBTC,0.00000000,0.00000000
RCNETH,0.00000000,0.00000000
RCNBNB,0.00000000,0.00000000
NULSBTC,0.00000557,0.00000559
NULSETH,0.00000000,0.00000000
RDNBTC,0.00000000,0.00000000
RDNETH,0.00000000,0.00000000
RDNBNB,0.00000000,0.00000000
XMRBTC,0.00410800,0.00411000
XMRETH,0.07705000,0.07717000
DLTBNB,0.00000000,0.00000000
WTCBNB,0.00000000,0.00000000
DLTBTC,0.00000000,0.00000000
DLTETH,0.00000000,0.00000000
AMBBTC,0.00000020,0.00000021
AMBETH,0.00000000,0.00000000
AMBBNB,0.00000000,0.00000000
BCCETH,0.00000000,0.00000000
BCCUSDT,0.00000000,0.00000000
BCCBNB,0.00000000,0.00000000
BATBTC,0.00000562,0.00000563
BATETH,0.00000000,0.00000000
BATBNB,0.00000000,0.00000000
BCPTBTC,0.00000000,0.00000000
BCPTETH,0.00000000,0.00000000
BCPTBNB,0.00000000,0.00000000
ARNBTC,0.00000000,0.00000000
ARNETH,0.00000000,0.00000000
GVTBTC,0.00000000,0.00000000
GVTETH,0.00000000,0.00000000
CDTBTC,0.00000000,0.00000000
CDTETH,0.00000000,0.00000000
GXSBTC,0.00000000,0.00000000
GXSETH,0.00000000,0.00000000
NEOUSDT,11.95000000,11.96000000
NEOBNB,0.00000000,0.00000000
POEBTC,0.00000000,0.00000000
POEETH,0.00000000,0.00000000
QSPBTC,0.00000000,0.00000000
QSPETH,0.00000000,0.00000000
QSPBNB,0.00000000,0.00000000
BTSBTC,0.00000000,0.00000000
BTSETH,0.00000000,0.00000000
BTSBNB,0.00000000,0.00000000
XZCBTC,0.00000000,0.00000000
XZCETH,0.00000000,0.00000000
XZCBNB,0.00000000,0.00000000
LSKBTC,0.00002686,0.00002700
LSKETH,0.00050400,0.00050900
LSKBNB,0.00000000,0.00000000
TNTBTC,0.00000000,0.00000000
TNTETH,0.00000000,0.00000000
FUELBTC,0.00000000,0.00000000
FUELETH,0.00000000,0.00000000
MANABTC,0.00001177,0.00001178
MANAETH,0.00022090,0.00022120
BCDBTC,0.00000000,0.00000000
BCDETH,0.00000000,0.00000000
DGDBTC,0.00000000,0.00000000
DGDETH,0.00000000,0.00000000
IOTABNB,0.00000000,0.00000000
ADXBTC,0.00000418,0.00000419
ADXETH,0.00007850,0.00007860
ADXBNB,0.00000000,0.00000000
ADABTC,0.00001431,0.00001432
ADAETH,0.00026860,0.00026870
PPTBTC,0.00000000,0.00000000
PPTETH,0.00000000,0.00000000
CMTBTC,0.00000000,0.00000000
CMTETH,0.00000000,0.00000000
CMTBNB,0.00000000,0.00000000
XLMBTC,0.00000297,0.00000298
XLMETH,0.00005580,0.00005590
XLMBNB,0.00049720,0.00049780
CNDBTC,0.00000000,0.00000000
CNDETH,0.00000000,0.00000000
CNDBNB,0.00000000,0.00000000
LENDBTC,0.00000000,0.00000000
LENDETH,0.00000000,0.00000000
WABIBTC,0.00000000,0.00000000
WABIETH,0.00000000,0.00000000
WABIBNB,0.00000000,0.00000000
LTCETH,0.03277000,0.03279000
LTCUSDT,72.98000000,72.99000000
LTCBNB,0.29140000,0.29160000
TNBBTC,0.00000000,0.00000000
TNBETH,0.00000000,0.00000000
WAVESBTC,0.00005381,0.00005385
WAVESETH,0.00100900,0.00101200
WAVESBNB,0.00000000,0.00000000
GTOBTC,0.00000000,0.00000000
GTOETH,0.00000000,0.00000000
GTOBNB,0.00000000,0.00000000
ICXBTC,0.00000606,0.00000607
ICXETH,0.00000000,0.00000000
ICXBNB,0.00000000,0.00000000
OSTBTC,0.00000000,0.00000000
OSTETH,0.00000000,0.00000000
OSTBNB,0.00000000,0.00000000
ELFBTC,0.00001736,0.00001741
ELFETH,0.00032520,0.00032800
AIONBTC,0.00000000,0.00000000
AIONETH,0.00000000,0.00000000
AIONBNB,0.00000000,0.00000000
NEBLBTC,0.00000000,0.00000000
NEBLBNB,0.00000000,0.00000000
BRDBTC,0.00000000,0.00000000
BRDETH,0.00000000,0.00000000
BRDBNB,0.00000000,0.00000000
MCOBNB,0.00000000,0.00000000
EDOBTC,0.00000000,0.00000000
EDOETH,0.00000000,0.00000000
WINGSBTC,0.00000000,0.00000000
WINGSETH,0.00000000,0.00000000
NAVBTC,0.00000000,0.00000000
NAVETH,0.00000000,0.00000000
NAVBNB,0.00000000,0.00000000
LUNBTC,0.00000000,0.00000000
LUNETH,0.00000000,0.00000000
TRIGBTC,0.00000000,0.00000000
TRIGETH,0.00000000,0.00000000
TRIGBNB,0.00000000,0.00000000
APPCBTC,0.00000000,0.00000000
APPCETH,0.00000000,0.00000000
APPCBNB,0.00000000,0.00000000
VIBEBTC,0.00000000,0.00000000
VIBEETH,0.00000000,0.00000000
RLCBTC,0.00003614,0.00003624
RLCETH,0.00067800,0.00068100
RLCBNB,0.00000000,0.00000000
INSBTC,0.00000000,0.00000000
INSETH,0.00000000,0.00000000
PIVXBTC,0.00000823,0.00000827
PIVXBNB,0.00000000,0.00000000
IOSTBTC,0.00000023,0.00000024
IOSTETH,0.00000448,0.00000450
CHATBTC,0.00000000,0.00000000
CHATETH,0.00000000,0.00000000
STEEMBTC,0.00000606,0.00000607
STEEMETH,0.00011370,0.00011420
STEEMBNB,0.00000000,0.00000000
NANOBTC,0.00000000,0.00000000
NANOETH,0.00000000,0.00000000
NANOBNB,0.00000000,0.00000000
VIABTC,0.00000000,0.00000000
VIAETH,0.00000000,0.00000000
VIABNB,0.00000000,0.00000000
BLZBTC,0.00000636,0.00000637
BLZETH,0.00000000,0.00000000
BLZBNB,0.00000000,0.00000000
AEBTC,0.00000000,0.00000000
AEETH,0.00000000,0.00000000
AEBNB,0.00000000,0.00000000
RPXBTC,0.00000000,0.00000000
RPXETH,0.00000000,0.00000000
RPXBNB,0.00000000,0.00000000
NCASHBTC,0.00000000,0.00000000
NCASHETH,0.00000000,0.00000000
NCASHBNB,0.00000000,0.00000000
POABTC,0.00000000,0.00000000
POAETH,0.00000000,0.00000000
POABNB,0.00000000,0.00000000
ZILBTC,0.00000055,0.00000056
ZILETH,0.00001036,0.00001039
ZILBNB,0.00000000,0.00000000
ONTBTC,0.00000550,0.00000551
ONTETH,0.00000000,0.00000000
ONTBNB,0.00000000,0.00000000
STORMBTC,0.00000000,0.00000000
STORMETH,0.00000000,0.00000000
STORMBNB,0.00000000,0.00000000
QTUMBNB,0.00000000,0.00000000
QTUMUSDT,3.14700000,3.14800000
XEMBTC,0.00000000,0.00000000
XEMETH,0.00000000,0.00000000
XEMBNB,0.00000000,0.00000000
WANBTC,0.00000546,0.00000547
WANETH,0.00010240,0.00010310
WANBNB,0.00000000,0.00000000
WPRBTC,0.00000000,0.00000000
WPRETH,0.00000000,0.00000000
QLCBTC,0.00000000,0.00000000
QLCETH,0.00000000,0.00000000
SYSBTC,0.00000317,0.00000319
SYSETH,0.00000000,0.00000000
SYSBNB,0.00000000,0.00000000
QLCBNB,0.00000000,0.00000000
GRSBTC,0.00000000,0.00000000
GRSETH,0.00000000,0.00000000
ADAUSDT,0.59810000,0.59820000
ADABNB,0.00238900,0.00239000
CLOAKBTC,0.00000000,0.00000000
CLOAKETH,0.00000000,0.00000000
GNTBTC,0.00000000,0.00000000
GNTETH,0.00000000,0.00000000
GNTBNB,0.00000000,0.00000000
LOOMBTC,0.00000271,0.00000272
LOOMETH,0.00000000,0.00000000
LOOMBNB,0.00000000,0.00000000
XRPUSDT,0.62340000,0.62350000
BCNBTC,0.00000000,0.00000000
BCNETH,0.00000690,0.00000000
BCNBNB,0.00000000,0.00000000
REPBTC,0.00000000,0.00000000
REPBNB,0.00000000,0.00000000
BTCTUSD,41843.09000000,41843.10000000
TUSDBTC,0.00000000,0.00000000
ETHTUSD,2229.78000000,2229.80000000
TUSDETH,0.00000000,0.00000000
TUSDBNB,0.00000000,0.00000000
ZENBTC,0.00024950,0.00024990
ZENETH,0.00467100,0.00470100
ZENBNB,0.00000000,0.00000000
SKYBTC,0.00000000,0.00000000
SKYETH,0.00000000,0.00000000
SKYBNB,0.00000000,0.00000000
EOSUSDT,0.78500000,0.78600000
EOSBNB,0.00000000,0.00000000
CVCBTC,0.00000000,0.00000000
CVCETH,0.00000000,0.00000000
CVCBNB,0.00000000,0.00000000
THETABTC,0.00002556,0.00002558
THETAETH,0.00047930,0.00048060
THETABNB,0.00000000,0.00000000
XRPBNB,0.00249000,0.00249100
TUSDUSDT,0.99850000,0.99860000
IOTAUSDT,0.26790000,0.26800000
XLMUSDT,0.12440000,0.12450000
IOTXBTC,0.00000074,0.00000075
IOTXETH,0.00001406,0.00001408
QKCBTC,0.00000026,0.00000027
QKCETH,0.00000493,0.00000497
AGIBTC,0.00000000,0.00000000
AGIETH,0.00000000,0.00000000
AGIBNB,0.00000000,0.00000000
NXSBTC,0.00000000,0.00000000
NXSETH,0.00000000,0.00000000
NXSBNB,0.00000000,0.00000000
ENJBNB,0.00000000,0.00000000
DATABTC,0.00000073,0.00000074
DATAETH,0.00000000,0.00000000
ONTUSDT,0.23010000,0.23030000
TRXBNB,0.00041880,0.00041900
TRXUSDT,0.10482000,0.10483000
ETCUSDT,20.39000000,20.40000000
ETCBNB,0.08140000,0.08160000
ICXUSDT,0.25340000,0.25350000
SCBTC,0.00000000,0.00000000
SCETH,0.00000340,0.00000341
NPXSBTC,0.00000000,0.00000000
NPXSETH,0.00000000,0.00000000
VENUSDT,0.00000000,0.00000000
KEYBTC,0.00000000,0.00000000
KEYETH,0.00000000,0.00000000
NASBTC,0.00000000,0.00000000
NASETH,0.00000000,0.00000000
NASBNB,0.00000000,0.00000000
MFTBTC,0.00000000,0.00000000
MFTETH,0.00000000,0.00000000
MFTBNB,0.00000000,0.00000000
DENTBTC,0.00000000,0.00000000
DENTETH,0.00000047,0.00000048
ARDRBTC,0.00000240,0.00000241
ARDRETH,0.00000000,0.00000000
ARDRBNB,0.00000000,0.00000000
NULSUSDT,0.23330000,0.23360000
HOTBTC,0.00000000,0.00000000
HOTETH,0.00000099,0.00000100
VETBTC,0.00000070,0.00000071
VETETH,0.00001331,0.00001332
VETUSDT,0.02963000,0.02964000
VETBNB,0.00011830,0.00011870
DOCKBTC,0.00000051,0.00000052
DOCKETH,0.00000000,0.00000000
POLYBTC,0.00000000,0.00000000
POLYBNB,0.00000000,0.00000000
PHXBTC,0.00000000,0.00000000
PHXETH,0.00000000,0.00000000
PHXBNB,0.00000000,0.00000000
HCBTC,0.00000000,0.00000000
HCETH,0.00000000,0.00000000
GOBTC,0.00000000,0.00000000
GOBNB,0.00000000,0.00000000
PAXBTC,0.00000000,0.00000000
PAXBNB,0.00000000,0.00000000
PAXUSDT,0.00000000,0.00000000
PAXETH,0.00000000,0.00000000
RVNBTC,0.00000052,0.00000053
DCRBTC,0.00036100,0.00036300
DCRBNB,0.00000000,0.00000000
USDCBNB,0.00000000,0.00000000
MITHBTC,0.00000000,0.00000000
MITHBNB,0.00000000,0.00000000
BCHABCBTC,0.00000000,0.00000000
BCHSVBTC,0.00000000,0.00000000
BCHABCUSDT,0.00000000,0.00000000
BCHSVUSDT,0.00000000,0.00000000
BNBPAX,0.00000000,0.00000000
BTCPAX,0.00000000,0.00000000
ETHPAX,0.00000000,0.00000000
XRPPAX,0.00000000,0.00000000
EOSPAX,0.00000000,0.00000000
XLMPAX,0.00000000,0.00000000
RENBTC,0.00000153,0.00000154
RENBNB,0.00000000,0.00000000
BNBTUSD,250.60000000,250.70000000
XRPTUSD,0.62410000,0.62440000
EOSTUSD,0.00000000,0.00000000
XLMTUSD,0.00000000,0.00000000
BNBUSDC,250.10000000,250.30000000
BTCUSDC,41777.47000000,41777.48000000
ETHUSDC,2225.94000000,2225.95000000
XRPUSDC,0.00000000,0.00000000
EOSUSDC,0.00000000,0.00000000
XLMUSDC,0.00000000,0.00000000
USDCUSDT,1.00020000,1.00030000
ADATUSD,0.59880000,0.59910000
TRXTUSD,0.00000000,0.00000000
NEOTUSD,0.00000000,0.00000000
TRXXRP,0.16818000,0.16819000
XZCXRP,0.00000000,0.00000000
PAXTUSD,0.00000000,0.00000000
USDCTUSD,0.00000000,0.00000000
USDCPAX,0.00000000,0.00000000
LINKUSDT,14.94400000,14.94500000
LINKTUSD,14.96400000,14.96900000
LINKPAX,0.00000000,0.00000000
LINKUSDC,0.00000000,0.00000000
WAVESUSDT,2.24900000,2.25000000
WAVESTUSD,0.00000000,0.00000000
WAVESPAX,0.00000000,0.00000000
WAVESUSDC,0.00000000,0.00000000
BCHABCTUSD,0.00000000,0.00000000
BCHABCPAX,0.00000000,0.00000000
BCHABCUSDC,0.00000000,0.00000000
BCHSVTUSD,0.00000000,0.00000000
BCHSVPAX,0.00000000,0.00000000
BCHSVUSDC,0.00000000,0.00000000
LTCTUSD,73.06000000,73.10000000
LTCPAX,0.00000000,0.00000000
LTCUSDC,0.00000000,0.00000000
TRXPAX,0.00000000,0.00000000
TRXUSDC,0.00000000,0.00000000
BTTBTC,0.00000000,0.00000000
BTTBNB,0.00000000,0.00000000
BTTUSDT,0.00000000,0.00000000
BNBUSDS,0.00000000,0.00000000
BTCUSDS,0.00000000,0.00000000
USDSUSDT,0.00000000,0.00000000
USDSPAX,0.00000000,0.00000000
USDSTUSD,0.00000000,0.00000000
USDSUSDC,0.00000000,0.00000000
BTTPAX,0.00000000,0.00000000
BTTTUSD,0.00000000,0.00000000
BTTUSDC,0.00000000,0.00000000
ONGBNB,0.00000000,0.00000000
ONGBTC,0.00000862,0.00000864
ONGUSDT,0.36040000,0.36060000
HOTBNB,0.00000000,0.00000000
HOTUSDT,0.00222000,0.00222200
ZILUSDT,0.02309000,0.02310000
ZRXBNB,0.00000000,0.00000000
ZRXUSDT,0.37690000,0.37700000
FETBNB,0.00222600,0.00222800
FETBTC,0.00001334,0.00001335
FETUSDT,0.55750000,0.55760000
BATUSDT,0.23500000,0.23520000
XMRBNB,0.68500000,0.68670000
XMRUSDT,171.60000000,171.70000000
ZECBNB,0.00000000,0.00000000
ZECUSDT,31.08000000,31.09000000
ZECPAX,0.00000000,0.00000000
ZECTUSD,0.00000000,0.00000000
ZECUSDC,0.00000000,0.00000000
IOSTUSDT,0.00999000,0.01000000
CELRBNB,0.00000000,0.00000000
CELRBTC,0.00000048,0.00000049
CELRUSDT,0.02038000,0.02039000
ADAPAX,0.00000000,0.00000000
ADAUSDC,0.00000000,0.00000000
NEOPAX,0.00000000,0.00000000
NEOUSDC,0.00000000,0.00000000
DASHBNB,0.00000000,0.00000000
DASHUSDT,32.70000000,32.71000000
NANOUSDT,0.00000000,0.00000000
OMGBNB,0.00000000,0.00000000
OMGUSDT,0.73400000,0.73500000
THETAUSDT,1.06800000,1.06900000
ENJUSDT,0.32710000,0.32730000
MITHUSDT,0.00000000,0.00000000
MATICBNB,0.00346000,0.00346200
MATICBTC,0.00002072,0.00002073
MATICUSDT,0.86590000,0.86600000
ATOMBNB,0.04276000,0.04280000
ATOMBTC,0.00025630,0.00025650
ATOMUSDT,10.71100000,10.71300000
ATOMUSDC,0.00000000,0.00000000
ATOMPAX,0.00000000,0.00000000
ATOMTUSD,0.00000000,0.00000000
ETCUSDC,0.00000000,0.00000000
ETCPAX,0.00000000,0.00000000
ETCTUSD,0.00000000,0.00000000
BATUSDC,0.00000000,0.00000000
BATPAX,0.00000000,0.00000000
BATTUSD,0.00000000,0.00000000
PHBBNB,0.00000000,0.00000000
PHBBTC,0.00001946,0.00001952
PHBUSDC,0.00000000,0.00000000
PHBTUSD,0.00000000,0.00000000
PHBPAX,0.00000000,0.00000000
TFUELBNB,0.00000000,0.00000000
TFUELBTC,0.00000108,0.00000109
TFUELUSDT,0.04516000,0.04518000
TFUELUSDC,0.00000000,0.00000000
TFUELTUSD,0.00000000,0.00000000
TFUELPAX,0.00000000,0.00000000
ONEBNB,0.00006252,0.00006258
ONEBTC,0.00000037,0.00000038
ONEUSDT,0.01566000,0.01567000
ONETUSD,0.00000000,0.00000000
ONEPAX,0.00000000,0.00000000
ONEUSDC,0.00000000,0.00000000
FTMBNB,0.00152800,0.00152950
FTMBTC,0.00000915,0.00000916
FTMUSDT,0.38260000,0.38270000
FTMTUSD,0.00000000,0.00000000
FTMPAX,0.00000000,0.00000000
FTMUSDC,0.00000000,0.00000000
BTCBBTC,0.00000000,0.00000000
BCPTTUSD,0.00000000,0.00000000
BCPTPAX,0.00000000,0.00000000
BCPTUSDC,0.00000000,0.00000000
ALGOBNB,0.00080000,0.00080200
ALGOBTC,0.00000479,0.00000481
ALGOUSDT,0.20050000,0.20060000
ALGOTUSD,0.00000000,0.00000000
ALGOPAX,0.00000000,0.00000000
ALGOUSDC,0.00000000,0.00000000
USDSBUSDT,0.00000000,0.00000000
USDSBUSDS,0.00000000,0.00000000
GTOUSDT,0.00000000,0.00000000
GTOPAX,0.00000000,0.00000000
GTOTUSD,0.00000000,0.00000000
GTOUSDC,0.00000000,0.00000000
ERDBNB,0.00000000,0.00000000
ERDBTC,0.00000000,0.00000000
ERDUSDT,0.00000000,0.00000000
ERDPAX,0.00000000,0.00000000
ERDUSDC,0.00000000,0.00000000
DOGEBNB,0.00000000,0.00000000
DOGEBTC,0.00000230,0.00000231
DOGEUSDT,0.09621000,0.09622000
DOGEPAX,0.00000000,0.00000000
DOGEUSDC,0.00000000,0.00000000
DUSKBNB,0.00000000,0.00000000
DUSKBTC,0.00000383,0.00000384
DUSKUSDT,0.16030000,0.16050000
DUSKUSDC,0.00000000,0.00000000
DUSKPAX,0.00000000,0.00000000
BGBPUSDC,0.00000000,0.00000000
ANKRBNB,0.00000000,0.00000000
ANKRBTC,0.00000062,0.00000063
ANKRUSDT,0.02621000,0.02622000
ANKRTUSD,0.00000000,0.00000000
ANKRPAX,0.00000000,0.00000000
ANKRUSDC,0.00000000,0.00000000
ONTPAX,0.00000000,0.00000000
ONTUSDC,0.00000000,0.00000000
WINBNB,0.00000038,0.00000039
WINBTC,0.00000000,0.00000000
WINUSDT,0.00009630,0.00009640
WINUSDC,0.00000000,0.00000000
COSBNB,0.00003212,0.00003233
COSBTC,0.00000019,0.00000020
COSUSDT,0.00805000,0.00808000
TUSDBTUSD,0.00000000,0.00000000
NPXSUSDT,0.00000000,0.00000000
NPXSUSDC,0.00000000,0.00000000
COCOSBNB,0.00000000,0.00000000
COCOSBTC,0.00000000,0.00000000
COCOSUSDT,0.00000000,0.00000000
MTLUSDT,1.58200000,1.58300000
TOMOBNB,0.00000000,0.00000000
TOMOBTC,0.00000000,0.00000000
TOMOUSDT,0.00000000,0.00000000
TOMOUSDC,0.00000000,0.00000000
PERLBNB,0.00000000,0.00000000
PERLBTC,0.00000000,0.00000000
PERLUSDC,0.00000000,0.00000000
PERLUSDT,0.00000000,0.00000000
DENTUSDT,0.00106100,0.00106200
MFTUSDT,0.00000000,0.00000000
KEYUSDT,0.00587200,0.00587300
STORMUSDT,0.00000000,0.00000000
DOCKUSDT,0.02173000,0.02177000
WANUSDT,0.22800000,0.22840000
FUNUSDT,0.00493100,0.00493700
CVCUSDT,0.10860000,0.10880000
BTTTRX,0.00000000,0.00000000
WINTRX,0.00091400,0.00092300
CHZBNB,0.00033180,0.00033230
CHZBTC,0.00000198,0.00000199
CHZUSDT,0.08311000,0.08312000
BANDBNB,0.00000000,0.00000000
BANDBTC,0.00003805,0.00003810
BANDUSDT,1.59000000,1.59100000
BNBBUSD,249.90000000,250.10000000
BTCBUSD,41732.36000000,41736.91000000
BUSDUSDT,1.00120000,1.00130000
BEAMBNB,0.00000000,0.00000000
BEAMBTC,0.00000000,0.00000000
BEAMUSDT,0.00000000,0.00000000
XTZBNB,0.00000000,0.00000000
XTZBTC,0.00002153,0.00002158
XTZUSDT,0.90000000,0.90100000
RENUSDT,0.06434300,0.06438800
RVNUSDT,0.02189000,0.02190000
HCUSDT,0.00000000,0.00000000
HBARBNB,0.00029140,0.00029170
HBARBTC,0.00000174,0.00000175
HBARUSDT,0.07290000,0.07300000
NKNBNB,0.00000000,0.00000000
NKNBTC,0.00000262,0.00000263
NKNUSDT,0.10970000,0.10980000
XRPBUSD,0.62230000,0.62310000
ETHBUSD,2223.55000000,2223.72000000
BCHABCBUSD,0.00000000,0.00000000
LTCBUSD,72.88000000,72.90000000
LINKBUSD,14.92500000,14.92800000
ETCBUSD,0.00000000,0.00000000
STXBNB,0.00390500,0.00391200
STXBTC,0.00002339,0.00002343
STXUSDT,0.97770000,0.97810000
KAVABNB,0.00313000,0.00313900
KAVABTC,0.00001875,0.00001876
KAVAUSDT,0.78400000,0.78500000
BUSDNGN,460.49000000,476.85000000
BNBNGN,18000.00000000,0.00000000
BTCNGN,51478683.00000000,51541419.00000000
ARPABNB,0.00020200,0.00020340
ARPABTC,0.00000121,0.00000122
ARPAUSDT,0.05063000,0.05064000
TRXBUSD,0.00000000,0.00000000
EOSBUSD,0.00000000,0.00000000
IOTXUSDT,0.03132000,0.03133000
RLCUSDT,1.51100000,1.51300000
MCOUSDT,0.00000000,0.00000000
XLMBUSD,0.00000000,0.00000000
ADABUSD,0.59710000,0.59750000
CTXCBNB,0.00000000,0.00000000
CTXCBTC,0.00000927,0.00000930
CTXCUSDT,0.38720000,0.38730000
BCHBNB,0.93200000,0.93300000
BCHBTC,0.00558000,0.00559000
BCHUSDT,233.20000000,233.30000000
BCHUSDC,0.00000000,0.00000000
BCHTUSD,233.50000000,233.70000000
BCHPAX,0.00000000,0.00000000
BCHBUSD,232.90000000,233.10000000
BTCRUB,3725324.00000000,3726512.00000000
ETHRUB,0.00000000,0.00000000
XRPRUB,0.00000000,0.00000000
BNBRUB,0.00000000,0.00000000
TROYBNB,0.00000000,0.00000000
TROYBTC,0.00000000,0.00000000
TROYUSDT,0.00238200,0.00238600
BUSDRUB,0.00000000,0.00000000
QTUMBUSD,0.00000000,0.00000000
VETBUSD,0.00000000,0.00000000
VITEBNB,0.00000000,0.00000000
VITEBTC,0.00000043,0.00000044
VITEUSDT,0.01794000,0.01798000
FTTBNB,0.00000000,0.00000000
FTTBTC,0.00000000,0.00000000
FTTUSDT,4.85130000,4.85300000
BTCTRY,1219697.00000000,1219810.00000000
BNBTRY,7308.00000000,7309.00000000
BUSDTRY,0.00000000,0.00000000
ETHTRY,65015.00000000,65021.00000000
XRPTRY,18.19900000,18.20000000
USDTTRY,29.19000000,29.20000000
USDTRUB,89.19000000,89.25000000
BTCEUR,38713.84000000,38713.85000000
ETHEUR,2063.13000000,2063.34000000
BNBEUR,231.80000000,232.00000000
XRPEUR,0.57750000,0.57770000
EURBUSD,0.00000000,0.00000000
EURUSDT,1.07920000,1.07930000
OGNBNB,0.00000000,0.00000000
OGNBTC,0.00000322,0.00000323
OGNUSDT,0.13470000,0.13480000
DREPBNB,0.00000000,0.00000000
DREPBTC,0.00000667,0.00000671
DREPUSDT,0.27880000,0.27910000
BULLUSDT,0.00000000,0.00000000
BULLBUSD,0.00000000,0.00000000
BEARUSDT,0.00000000,0.00000000
BEARBUSD,0.00000000,0.00000000
ETHBULLUSDT,0.00000000,0.00000000
ETHBULLBUSD,0.00000000,0.00000000
ETHBEARUSDT,0.00000000,0.00000000
ETHBEARBUSD,0.00000000,0.00000000
TCTBNB,0.00000000,0.00000000
TCTBTC,0.00000000,0.00000000
TCTUSDT,0.00000000,0.00000000
WRXBNB,0.00000000,0.00000000
WRXBTC,0.00000000,0.00000000
WRXUSDT,0.15920000,0.15930000
ICXBUSD,0.00000000,0.00000000
BTSUSDT,0.00000000,0.00000000
BTSBUSD,0.00000000,0.00000000
LSKUSDT,1.12400000,1.12700000
BNTUSDT,0.73250000,0.73270000
BNTBUSD,0.00000000,0.00000000
LTOBNB,0.00000000,0.00000000
LTOBTC,0.00000180,0.00000182
LTOUSDT,0.07560000,0.07570000
ATOMBUSD,10.69500000,10.70400000
DASHBUSD,0.00000000,0.00000000
NEOBUSD,0.00000000,0.00000000
WAVESBUSD,0.00000000,0.00000000
XTZBUSD,0.00000000,0.00000000
EOSBULLUSDT,0.00000000,0.00000000
EOSBULLBUSD,0.00000000,0.00000000
EOSBEARUSDT,0.00000000,0.00000000
EOSBEARBUSD,0.00000000,0.00000000
XRPBULLUSDT,0.00000000,0.00000000
XRPBULLBUSD,0.00000000,0.00000000
XRPBEARUSDT,0.00000000,0.00000000
XRPBEARBUSD,0.00000000,0.00000000
BATBUSD,0.00000000,0.00000000
ENJBUSD,0.00000000,0.00000000
NANOBUSD,0.00000000,0.00000000
ONTBUSD,0.00000000,0.00000000
RVNBUSD,0.00000000,0.00000000
STRATBUSD,0.00000000,0.00000000
STRATBNB,0.00000000,0.00000000
STRATUSDT,0.00000000,0.00000000
AIONBUSD,0.00000000,0.00000000
AIONUSDT,0.00000000,0.00000000
MBLBNB,0.00000000,0.00000000
MBLBTC,0.00000000,0.00000000
MBLUSDT,0.00512500,0.00512700
COTIBNB,0.00026070,0.00026330
COTIBTC,0.00000156,0.00000157
COTIUSDT,0.06532000,0.06535000
ALGOBUSD,0.20010000,0.20040000
BTTBUSD,0.00000000,0.00000000
TOMOBUSD,0.00000000,0.00000000
XMRBUSD,0.00000000,0.00000000
ZECBUSD,0.00000000,0.00000000
BNBBULLUSDT,0.00000000,0.00000000
BNBBULLBUSD,0.00000000,0.00000000
BNBBEARUSDT,0.00000000,0.00000000
BNBBEARBUSD,0.00000000,0.00000000
STPTBNB,0.00000000,0.00000000
STPTBTC,0.00000145,0.00000146
STPTUSDT,0.06077000,0.06079000
BTCZAR,808580.00000000,809097.00000000
ETHZAR,43110.00000000,43111.00000000
BNBZAR,0.00000000,0.00000000
USDTZAR,19.36000000,19.37000000
BUSDZAR,0.00000000,0.00000000
BTCBKRW,0.00000000,0.00000000
ETHBKRW,0.00000000,0.00000000
BNBBKRW,0.00000000,0.00000000
WTCUSDT,0.00000000,0.00000000
DATABUSD,0.00000000,0.00000000
DATAUSDT,0.03092000,0.03093000
XZCUSDT,0.00000000,0.00000000
SOLBNB,0.28540000,0.28550000
SOLBTC,0.00170920,0.00170970
SOLUSDT,71.44000000,71.45000000
SOLBUSD,71.35000000,71.36000000
BTCIDRT,0.00,0.00
BNBIDRT,0.00,0.00
USDTIDRT,15675.00,15679.00
BUSDIDRT,0.00,0.00
CTSIBTC,0.00000420,0.00000421
CTSIUSDT,0.17550000,0.17560000
CTSIBNB,0.00070000,0.00070300
CTSIBUSD,0.00000000,0.00000000
HIVEBNB,0.00000000,0.00000000
HIVEBTC,0.00000846,0.00000848
HIVEUSDT,0.35350000,0.35400000
CHRBNB,0.00064200,0.00064570
CHRBTC,0.00000384,0.00000386
CHRUSDT,0.16080000,0.16090000
BTCUPUSDT,11.24200000,11.25600000
BTCDOWNUSDT,0.00287600,0.00287800
GXSUSDT,0.00000000,0.00000000
ARDRUSDT,0.10040000,0.10060000
ERDBUSD,0.00000000,0.00000000
LENDUSDT,0.00000000,0.00000000
HBARBUSD,0.00000000,0.00000000
MATICBUSD,0.86460000,0.86500000
WRXBUSD,0.00000000,0.00000000
ZILBUSD,0.00000000,0.00000000
MDTBNB,0.00000000,0.00000000
MDTBTC,0.00000142,0.00000143
MDTUSDT,0.05955000,0.05958000
STMXBTC,0.00000000,0.00000000
STMXETH,0.00000000,0.00000000
STMXUSDT,0.00874200,0.00874500
KNCBUSD,0.00000000,0.00000000
KNCUSDT,0.70900000,0.71000000
REPBUSD,0.00000000,0.00000000
REPUSDT,0.00000000,0.00000000
LRCBUSD,0.00000000,0.00000000
LRCUSDT,0.25440000,0.25450000
IQBNB,0.00000000,0.00000000
IQBUSD,0.00000000,0.00000000
PNTBTC,0.00000000,0.00000000
PNTUSDT,0.26970000,0.27010000
BTCGBP,33873.97000000,33881.83000000
ETHGBP,1804.89000000,1805.39000000
XRPGBP,0.50500000,0.50580000
BNBGBP,202.80000000,203.00000000
GBPBUSD,0.00000000,0.00000000
DGBBTC,0.00000020,0.00000021
DGBBUSD,0.00000000,0.00000000
BTCUAH,1721020.00000000,1723104.00000000
USDTUAH,41.20000000,41.22000000
COMPBTC,0.00123200,0.00123500
COMPBNB,0.00000000,0.00000000
COMPBUSD,0.00000000,0.00000000
COMPUSDT,51.56000000,51.57000000
BTCBIDR,648744968.00,649314344.00
ETHBIDR,34541708.00,34612122.00
BNBBIDR,0.00,0.00
BUSDBIDR,0.00,0.00
USDTBIDR,15534.00,15535.00
BKRWUSDT,0.00000000,0.00000000
BKRWBUSD,0.00000000,0.00000000
SCUSDT,0.00757500,0.00757600
ZENUSDT,10.43000000,10.44000000
SXPBTC,0.00000899,0.00000901
SXPBNB,0.00150200,0.00151500
SXPBUSD,0.00000000,0.00000000
SNXBTC,0.00011180,0.00011200
SNXBNB,0.01866000,0.01871000
SNXBUSD,0.00000000,0.00000000
SNXUSDT,4.67500000,4.67600000
ETHUPUSDT,6.63400000,6.64500000
ETHDOWNUSDT,0.12860000,0.12880000
ADAUPUSDT,0.00000000,0.00000000
ADADOWNUSDT,0.00000000,0.00000000
LINKUPUSDT,0.00000000,0.00000000
LINKDOWNUSDT,0.00000000,0.00000000
VTHOBNB,0.00000000,0.00000000
VTHOBUSD,0.00000000,0.00000000
VTHOUSDT,0.00267000,0.00267200
DCRBUSD,0.00000000,0.00000000
DGBUSDT,0.00851000,0.00852000
GBPUSDT,1.23300000,1.23400000
STORJBUSD,0.00000000,0.00000000
SXPUSDT,0.37620000,0.37630000
IRISBNB,0.00000000,0.00000000
IRISBTC,0.00000065,0.00000067
IRISBUSD,0.00000000,0.00000000
MKRBNB,0.00000000,0.00000000
MKRBTC,0.03312000,0.03317000
MKRUSDT,1384.00000000,1385.00000000
MKRBUSD,0.00000000,0.00000000
DAIBNB,0.00000000,0.00000000
DAIBTC,0.00000000,0.00000000
DAIUSDT,0.00000000,0.00000000
DAIBUSD,0.00000000,0.00000000
RUNEBNB,0.02385800,0.02389600
RUNEBTC,0.00014286,0.00014298
RUNEBUSD,5.94600000,5.96900000
MANABUSD,0.00000000,0.00000000
DOGEBUSD,0.09608000,0.09609000
LENDBUSD,0.00000000,0.00000000
ZRXBUSD,0.00000000,0.00000000
DCRUSDT,15.11000000,15.14000000
STORJUSDT,0.67800000,0.67810000
XRPBKRW,0.00000000,0.00000000
ADABKRW,0.00000000,0.00000000
BTCAUD,0.00000000,0.00000000
ETHAUD,0.00000000,0.00000000
AUDBUSD,0.00000000,0.00000000
FIOBNB,0.00000000,0.00000000
FIOBTC,0.00000060,0.00000061
FIOBUSD,0.00000000,0.00000000
BNBUPUSDT,25.31000000,25.36000000
BNBDOWNUSDT,0.00982000,0.00984000
XTZUPUSDT,0.00000000,0.00000000
XTZDOWNUSDT,0.00000000,0.00000000
AVABNB,0.00000000,0.00000000
AVABTC,0.00001432,0.00001436
AVABUSD,0.00000000,0.00000000
USDTBKRW,0.00000000,0.00000000
BUSDBKRW,0.00000000,0.00000000
IOTABUSD,0.00000000,0.00000000
MANAUSDT,0.49230000,0.49240000
XRPAUD,0.00000000,0.00000000
BNBAUD,0.00000000,0.00000000
AUDUSDT,0.00000000,0.00000000
BALBNB,0.00000000,0.00000000
BALBTC,0.00009720,0.00009740
BALBUSD,0.00000000,0.00000000
YFIBNB,0.00000000,0.00000000
YFIBTC,0.20200000,0.20230000
YFIBUSD,0.00000000,0.00000000
YFIUSDT,8447.00000000,8449.00000000
BLZBUSD,0.00000000,0.00000000
KMDBUSD,0.00000000,0.00000000
BALUSDT,4.06500000,4.06600000
BLZUSDT,0.26600000,0.26610000
IRISUSDT,0.02758000,0.02763000
KMDUSDT,0.27760000,0.27800000
BTCDAI,41774.49000000,41774.50000000
ETHDAI,2226.23000000,2226.24000000
BNBDAI,250.00000000,250.30000000
USDTDAI,0.99990000,1.00000000
BUSDDAI,0.00000000,0.00000000
JSTBNB,0.00000000,0.00000000
JSTBTC,0.00000077,0.00000078
JSTBUSD,0.00000000,0.00000000
JSTUSDT,0.03239000,0.03240000
SRMBNB,0.00000000,0.00000000
SRMBTC,0.00000000,0.00000000
SRMBUSD,0.00000000,0.00000000
SRMUSDT,0.00000000,0.00000000
ANTBNB,0.02255000,0.02260000
ANTBTC,0.00013511,0.00013560
ANTBUSD,0.00000000,0.00000000
ANTUSDT,5.65000000,5.65100000
CRVBNB,0.00000000,0.00000000
CRVBTC,0.00001568,0.00001569
CRVBUSD,0.00000000,0.00000000
CRVUSDT,0.65560000,0.65570000
SANDBNB,0.00203200,0.00203400
SANDBTC,0.00001217,0.00001218
SANDUSDT,0.50890000,0.50900000
SANDBUSD,0.00000000,0.00000000
OCEANBNB,0.00199100,0.00199700
OCEANBTC,0.00001193,0.00001194
OCEANBUSD,0.00000000,0.00000000
OCEANUSDT,0.49880000,0.49900000
NMRBTC,0.00036500,0.00036700
NMRBUSD,0.00000000,0.00000000
NMRUSDT,15.29000000,15.30000000
DOTBNB,0.02869000,0.02873000
DOTBTC,0.00017190,0.00017200
DOTBUSD,7.17100000,7.18000000
DOTUSDT,7.18300000,7.18400000
LUNABNB,0.00000000,0.00000000
LUNABTC,0.00000000,0.00000000
LUNABUSD,0.96420000,0.96640000
LUNAUSDT,0.96720000,0.96740000
IDEXBTC,0.00000143,0.00000144
IDEXBUSD,0.00000000,0.00000000
RSRBNB,0.00000000,0.00000000
RSRBTC,0.00000000,0.00000000
RSRBUSD,0.00000000,0.00000000
RSRUSDT,0.00276200,0.00276400
PAXGBNB,7.86500000,7.89700000
PAXGBTC,0.04716000,0.04718000
PAXGBUSD,0.00000000,0.00000000
PAXGUSDT,1970.00000000,1971.00000000
WNXMBNB,0.00000000,0.00000000
WNXMBTC,0.00000000,0.00000000
WNXMBUSD,0.00000000,0.00000000
WNXMUSDT,46.14000000,46.21000000
TRBBNB,0.00000000,0.00000000
TRBBTC,0.00261410,0.00261730
TRBBUSD,0.00000000,0.00000000
TRBUSDT,109.30000000,109.33000000
ETHNGN,767360.00000000,809990.00000000
DOTBIDR,0.00,0.00
LINKAUD,0.00000000,0.00000000
SXPAUD,0.00000000,0.00000000
BZRXBNB,0.00000000,0.00000000
BZRXBTC,0.00000000,0.00000000
BZRXBUSD,0.00000000,0.00000000
BZRXUSDT,0.00000000,0.00000000
WBTCBTC,0.99920000,0.99930000
WBTCETH,18.73000000,18.77000000
SUSHIBNB,0.00000000,0.00000000
SUSHIBTC,0.00002911,0.00002913
SUSHIBUSD,0.00000000,0.00000000
SUSHIUSDT,1.21700000,1.21800000
YFIIBNB,0.00000000,0.00000000
YFIIBTC,0.00000000,0.00000000
YFIIBUSD,0.00000000,0.00000000
YFIIUSDT,0.00000000,0.00000000
KSMBNB,0.00000000,0.00000000
KSMBTC,0.00072100,0.00072200
KSMBUSD,0.00000000,0.00000000
KSMUSDT,30.14000000,30.17000000
EGLDBNB,0.25750000,0.25780000
EGLDBTC,0.00154300,0.00154400
EGLDBUSD,0.00000000,0.00000000
EGLDUSDT,64.48000000,64.49000000
DIABNB,0.00000000,0.00000000
DIABTC,0.00000799,0.00000801
DIABUSD,0.00000000,0.00000000
DIAUSDT,0.33380000,0.33420000
RUNEUSDT,5.97100000,5.97200000
FIOUSDT,0.02515000,0.02521000
UMABTC,0.00005248,0.00005270
UMAUSDT,2.19600000,2.19800000
EOSUPUSDT,0.00000000,0.00000000
EOSDOWNUSDT,0.00000000,0.00000000
TRXUPUSDT,0.00000000,0.00000000
TRXDOWNUSDT,0.00000000,0.00000000
XRPUPUSDT,0.00000000,0.00000000
XRPDOWNUSDT,0.00000000,0.00000000
DOTUPUSDT,0.00000000,0.00000000
DOTDOWNUSDT,0.00000000,0.00000000
SRMBIDR,0.00,0.00
ONEBIDR,0.00,0.00
LINKTRY,436.30000000,436.60000000
USDTNGN,1233.60000000,1233.70000000
BELBNB,0.00000000,0.00000000
BELBTC,0.00001790,0.00001793
BELBUSD,0.00000000,0.00000000
BELUSDT,0.74880000,0.74890000
WINGBNB,0.00000000,0.00000000
WINGBTC,0.00016290,0.00016360
SWRVBNB,0.00000000,0.00000000
SWRVBUSD,0.00000000,0.00000000
WINGBUSD,0.00000000,0.00000000
WINGUSDT,6.81000000,6.82000000
LTCUPUSDT,0.00000000,0.00000000
LTCDOWNUSDT,0.00000000,0.00000000
LENDBKRW,0.00000000,0.00000000
SXPEUR,0.00000000,0.00000000
CREAMBNB,0.00000000,0.00000000
CREAMBUSD,0.00000000,0.00000000
UNIBNB,0.02491000,0.02494000
UNIBTC,0.00014930,0.00014940
UNIBUSD,0.00000000,0.00000000
UNIUSDT,6.24200000,6.24300000
NBSBTC,0.00000000,0.00000000
NBSUSDT,0.00000000,0.00000000
OXTBTC,0.00000190,0.00000191
OXTUSDT,0.07970000,0.07980000
SUNBTC,0.00000000,0.00000000
SUNUSDT,0.00730000,0.00731000
AVAXBNB,0.16274000,0.16293000
AVAXBTC,0.00097540,0.00097590
AVAXBUSD,40.71000000,40.73000000
AVAXUSDT,40.76000000,40.77000000
HNTBTC,0.00000000,0.00000000
HNTUSDT,0.00000000,0.00000000
BAKEBNB,0.00090240,0.00090670
BURGERBNB,0.00000000,0.00000000
SXPBIDR,0.00,0.00
LINKBKRW,0.00000000,0.00000000
FLMBNB,0.00000000,0.00000000
FLMBTC,0.00000223,0.00000224
FLMBUSD,0.00000000,0.00000000
FLMUSDT,0.09350000,0.09360000
SCRTBTC,0.00001042,0.00001044
SCRTETH,0.00019560,0.00019610
CAKEBNB,0.01012000,0.01013300
CAKEBUSD,0.00000000,0.00000000
SPARTABNB,0.00000000,0.00000000
UNIUPUSDT,0.00000000,0.00000000
UNIDOWNUSDT,0.00000000,0.00000000
ORNBTC,0.00002122,0.00002129
ORNUSDT,0.88980000,0.89030000
TRXNGN,15.20000000,50.00000000
SXPTRY,10.97700000,10.98400000
UTKBTC,0.00000229,0.00000230
UTKUSDT,0.09600000,0.09610000
XVSBNB,0.03869000,0.03879000
XVSBTC,0.00023190,0.00023230
XVSBUSD,0.00000000,0.00000000
XVSUSDT,9.69000000,9.70000000
ALPHABNB,0.00000000,0.00000000
ALPHABTC,0.00000247,0.00000248
ALPHABUSD,0.00000000,0.00000000
ALPHAUSDT,0.10330000,0.10340000
VIDTBTC,0.00000059,0.00000060
VIDTBUSD,0.00000000,0.00000000
AAVEBNB,0.36850000,0.36870000
BTCBRL,208047.00000000,208048.00000000
USDTBRL,4.97900000,4.98000000
AAVEBTC,0.00220600,0.00220700
AAVEETH,0.04140000,0.04144000
AAVEBUSD,0.00000000,0.00000000
AAVEUSDT,92.21000000,92.23000000
AAVEBKRW,0.00000000,0.00000000
NEARBNB,0.00938100,0.00939100
NEARBTC,0.00005622,0.00005625
NEARBUSD,2.34600000,2.34900000
NEARUSDT,2.34900000,2.35000000
SXPUPUSDT,0.00000000,0.00000000
SXPDOWNUSDT,0.00000000,0.00000000
DOTBKRW,0.00000000,0.00000000
SXPGBP,0.00000000,0.00000000
FILBNB,0.01894000,0.01896000
FILBTC,0.00011350,0.00011360
FILBUSD,0.00000000,0.00000000
FILUSDT,4.74200000,4.74300000
FILUPUSDT,0.00000000,0.00000000
FILDOWNUSDT,0.00000000,0.00000000
YFIUPUSDT,0.00000000,0.00000000
YFIDOWNUSDT,0.00000000,0.00000000
INJBNB,0.10283000,0.10316000
INJBTC,0.00061640,0.00061720
INJBUSD,25.67600000,25.79100000
INJUSDT,25.76200000,25.77000000
AERGOBTC,0.00000376,0.00000377
AERGOBUSD,0.00000000,0.00000000
LINKEUR,13.84500000,13.85000000
ONEBUSD,0.00000000,0.00000000
EASYETH,0.00000000,0.00000000
AUDIOBTC,0.00000507,0.00000508
AUDIOBUSD,0.00000000,0.00000000
AUDIOUSDT,0.21210000,0.21220000
CTKBNB,0.00294200,0.00295300
CTKBTC,0.00001761,0.00001764
CTKBUSD,0.00000000,0.00000000
CTKUSDT,0.73600000,0.73700000
BCHUPUSDT,0.00000000,0.00000000
BCHDOWNUSDT,0.00000000,0.00000000
BOTBTC,0.00000000,0.00000000
BOTBUSD,0.00000000,0.00000000
ETHBRL,11084.15000000,11088.69000000
DOTEUR,6.65600000,6.65800000
AKROBTC,0.00000000,0.00000000
AKROUSDT,0.00670000,0.00671000
KP3RBNB,0.00000000,0.00000000
KP3RBUSD,0.00000000,0.00000000
AXSBNB,0.02887000,0.02890000
AXSBTC,0.00017300,0.00017320
AXSBUSD,0.00000000,0.00000000
AXSUSDT,7.23000000,7.24000000
HARDBNB,0.00000000,0.00000000
HARDBTC,0.00000470,0.00000472
HARDBUSD,0.00000000,0.00000000
HARDUSDT,0.19660000,0.19690000
BNBBRL,1246.00000000,1247.00000000
LTCEUR,67.61000000,67.63000000
RENBTCBTC,0.00000000,0.00000000
RENBTCETH,0.00000000,0.00000000
DNTBUSD,0.00000000,0.00000000
DNTUSDT,0.00000000,0.00000000
SLPETH,0.00000136,0.00000137
ADAEUR,0.55420000,0.55430000
LTCNGN,0.00000000,255382.00000000
CVPETH,0.00000000,0.00000000
CVPBUSD,0.00000000,0.00000000
STRAXBTC,0.00002539,0.00002540
STRAXETH,0.00000000,0.00000000
STRAXBUSD,0.00000000,0.00000000
STRAXUSDT,1.06100000,1.06200000
FORBTC,0.00000048,0.00000049
FORBUSD,0.00000000,0.00000000
UNFIBNB,0.00000000,0.00000000
UNFIBTC,0.00016840,0.00016870
UNFIBUSD,0.00000000,0.00000000
UNFIUSDT,7.04200000,7.04400000
FRONTETH,0.00000000,0.00000000
FRONTBUSD,0.00000000,0.00000000
BCHABUSD,0.00000000,0.00000000
ROSEBTC,0.00000195,0.00000196
ROSEBUSD,0.00000000,0.00000000
ROSEUSDT,0.08177000,0.08181000
AVAXTRY,1189.60000000,1190.30000000
BUSDBRL,0.00000000,0.00000000
AVAUSDT,0.59900000,0.60000000
SYSBUSD,0.00000000,0.00000000
XEMUSDT,0.03760000,0.03761000
HEGICETH,0.00000000,0.00000000
HEGICBUSD,0.00000000,0.00000000
AAVEUPUSDT,0.00000000,0.00000000
AAVEDOWNUSDT,0.00000000,0.00000000
PROMBNB,0.00000000,0.00000000
PROMBUSD,0.00000000,0.00000000
XRPBRL,3.10400000,3.10500000
XRPNGN,165.00000000,1280.00000000
SKLBTC,0.00000101,0.00000102
SKLBUSD,0.00000000,0.00000000
SKLUSDT,0.04257000,0.04258000
BCHEUR,216.00000000,216.30000000
YFIEUR,0.00000000,0.00000000
ZILBIDR,0.00,0.00
SUSDBTC,0.00000000,0.00000000
SUSDETH,0.00000000,0.00000000
SUSDUSDT,0.00000000,0.00000000
COVERETH,0.00000000,0.00000000
COVERBUSD,0.00000000,0.00000000
GLMBTC,0.00000570,0.00000573
GLMETH,0.00000000,0.00000000
GHSTETH,0.00000000,0.00000000
GHSTBUSD,0.00000000,0.00000000
SUSHIUPUSDT,0.00000000,0.00000000
SUSHIDOWNUSDT,0.00000000,0.00000000
XLMUPUSDT,0.00000000,0.00000000
XLMDOWNUSDT,0.00000000,0.00000000
LINKBRL,74.32000000,74.45000000
LINKNGN,0.00000000,0.00000000
LTCRUB,0.00000000,0.00000000
TRXTRY,3.06160000,3.06200000
XLMEUR,0.11520000,0.11540000
DFETH,0.00000000,0.00000000
DFBUSD,0.00000000,0.00000000
GRTBTC,0.00000386,0.00000388
GRTETH,0.00007260,0.00007270
GRTUSDT,0.16160000,0.16170000
JUVBTC,0.00000000,0.00000000
JUVBUSD,0.00000000,0.00000000
JUVUSDT,2.51800000,2.52200000
PSGBTC,0.00007660,0.00007680
PSGBUSD,0.00000000,0.00000000
PSGUSDT,3.20100000,3.20300000
BUSDBVND,0.00,0.00
USDTBVND,0.00,0.00
1INCHBTC,0.00000889,0.00000890
1INCHUSDT,0.37200000,0.37220000
REEFBTC,0.00000000,0.00000000
REEFUSDT,0.00206300,0.00206500
OGBTC,0.00012110,0.00012150
OGUSDT,5.06900000,5.07100000
ATMBTC,0.00000000,0.00000000
ATMUSDT,2.67500000,2.67800000
ASRBTC,0.00000000,0.00000000
ASRUSDT,2.40800000,2.41000000
CELOBTC,0.00001344,0.00001348
CELOUSDT,0.56200000,0.56300000
RIFBTC,0.00000304,0.00000305
RIFUSDT,0.12700000,0.12710000
CHZTRY,2.42500000,2.42600000
XLMTRY,3.63400000,3.63700000
LINKGBP,12.09700000,12.13600000
GRTEUR,0.14960000,0.15000000
BTCSTBTC,0.00000000,0.00000000
BTCSTBUSD,0.00000000,0.00000000
BTCSTUSDT,0.00000000,0.00000000
TRUBTC,0.00000128,0.00000129
TRUBUSD,0.00000000,0.00000000
TRUUSDT,0.05374000,0.05377000
DEXEETH,0.00225600,0.00227300
DEXEBUSD,0.00000000,0.00000000
EOSEUR,0.72700000,0.72900000
LTCBRL,363.20000000,363.50000000
USDCBUSD,0.00000000,0.00000000
TUSDBUSD,0.99720000,0.99800000
PAXBUSD,0.00000000,0.00000000
CKBBTC,0.00000000,0.00000000
CKBBUSD,0.00000000,0.00000000
CKBUSDT,0.00335100,0.00335400
TWTBTC,0.00002846,0.00002851
TWTBUSD,0.00000000,0.00000000
TWTUSDT,1.18990000,1.19000000
FIROBTC,0.00004700,0.00004720
FIROETH,0.00000000,0.00000000
FIROUSDT,1.96200000,1.96600000
BETHETH,0.00000000,0.00000000
DOGEEUR,0.08911000,0.08914000
DOGETRY,2.80800000,2.80900000
DOGEAUD,0.00000000,0.00000000
DOGEBRL,0.47900000,0.47910000
DOTNGN,0.00000000,0.00000000
PROSETH,0.00000000,0.00000000
LITBTC,0.00002227,0.00002232
LITBUSD,0.00000000,0.00000000
LITUSDT,0.93100000,0.93200000
BTCVAI,0.00000000,0.00000000
BUSDVAI,0.00000000,0.00000000
SFPBTC,0.00001721,0.00001726
SFPBUSD,0.00000000,0.00000000
SFPUSDT,0.72000000,0.72020000
DOGEGBP,0.07798000,0.07799000
DOTTRY,209.70000000,209.90000000
FXSBTC,0.00020999,0.00021045
FXSBUSD,0.00000000,0.00000000
DODOBTC,0.00000363,0.00000364
DODOBUSD,0.00000000,0.00000000
DODOUSDT,0.15170000,0.15190000
FRONTBTC,0.00000834,0.00000836
EASYBTC,0.00000000,0.00000000
CAKEBTC,0.00006062,0.00006071
CAKEUSDT,2.53400000,2.53500000
BAKEBUSD,0.00000000,0.00000000
UFTETH,0.00014690,0.00014880
UFTBUSD,0.00000000,0.00000000
1INCHBUSD,0.00000000,0.00000000
BANDBUSD,0.00000000,0.00000000
GRTBUSD,0.00000000,0.00000000
IOSTBUSD,0.00000000,0.00000000
OMGBUSD,0.00000000,0.00000000
REEFBUSD,0.00000000,0.00000000
ACMBTC,0.00000000,0.00000000
ACMBUSD,0.00000000,0.00000000
ACMUSDT,1.90700000,1.91000000
AUCTIONBTC,0.00043330,0.00043440
AUCTIONBUSD,0.00000000,0.00000000
PHABTC,0.00000262,0.00000264
PHABUSD,0.00000000,0.00000000
DOTGBP,0.00000000,0.00000000
ADATRY,17.46000000,17.47000000
ADABRL,2.97700000,2.97800000
ADAGBP,0.48440000,0.48580000
TVKBTC,0.00000000,0.00000000
TVKBUSD,0.00000000,0.00000000
BADGERBTC,0.00009350,0.00009360
BADGERBUSD,0.00000000,0.00000000
BADGERUSDT,3.91100000,3.91400000
FISBTC,0.00000838,0.00000842
FISBUSD,0.00000000,0.00000000
FISUSDT,0.35000000,0.35030000
DOTBRL,35.74000000,35.79000000
ADAAUD,0.00000000,0.00000000
HOTTRY,0.06477000,0.06481000
EGLDEUR,59.73000000,59.76000000
OMBTC,0.00000059,0.00000060
OMBUSD,0.00000000,0.00000000
OMUSDT,0.02490000,0.02491000
PONDBTC,0.00000037,0.00000038
PONDBUSD,0.00000000,0.00000000
PONDUSDT,0.01561000,0.01562000
DEGOBTC,0.00004232,0.00004257
DEGOBUSD,0.00000000,0.00000000
DEGOUSDT,1.77000000,1.77300000
AVAXEUR,37.76000000,37.78000000
BTTTRY,0.00000000,0.00000000
CHZBRL,0.41260000,0.41400000
UNIEUR,0.00000000,0.00000000
ALICEBTC,0.00002998,0.00003005
ALICEBUSD,0.00000000,0.00000000
ALICEUSDT,1.25400000,1.25500000
CHZBUSD,0.00000000,0.00000000
CHZEUR,0.07699000,0.07701000
CHZGBP,0.00000000,0.00000000
BIFIBNB,0.00000000,0.00000000
BIFIBUSD,0.00000000,0.00000000
LINABTC,0.00000025,0.00000026
LINABUSD,0.00000000,0.00000000
LINAUSDT,0.01054900,0.01055200
ADARUB,0.00000000,0.00000000
ENJBRL,0.00000000,0.00000000
ENJEUR,0.00000000,0.00000000
MATICEUR,0.80230000,0.80250000
NEOTRY,348.80000000,349.40000000
PERPBTC,0.00001685,0.00001686
PERPBUSD,0.00000000,0.00000000
PERPUSDT,0.70456000,0.70467000
RAMPBTC,0.00000000,0.00000000
RAMPBUSD,0.00000000,0.00000000
RAMPUSDT,0.00000000,0.00000000
SUPERBTC,0.00001329,0.00001331
SUPERBUSD,0.00000000,0.00000000
SUPERUSDT,0.55560000,0.55590000
CFXBTC,0.00000426,0.00000428
CFXBUSD,0.00000000,0.00000000
CFXUSDT,0.17850000,0.17860000
ENJGBP,0.00000000,0.00000000
EOSTRY,22.91000000,22.96000000
LTCGBP,59.10000000,59.26000000
LUNAEUR,0.00000000,0.00000000
RVNTRY,0.63890000,0.63970000
THETAEUR,0.00000000,0.00000000
XVGBUSD,0.00000000,0.00000000
EPSBTC,0.00000000,0.00000000
EPSBUSD,0.00000000,0.00000000
EPSUSDT,0.00000000,0.00000000
AUTOBTC,0.00000000,0.00000000
AUTOBUSD,0.00000000,0.00000000
AUTOUSDT,0.00000000,0.00000000
TKOBTC,0.00000664,0.00000666
TKOBIDR,0.00,0.00
TKOBUSD,0.00000000,0.00000000
TKOUSDT,0.27760000,0.27810000
PUNDIXETH,0.00021860,0.00021980
PUNDIXUSDT,0.48740000,0.48790000
BTTBRL,0.00000000,0.00000000
BTTEUR,0.00000000,0.00000000
HOTEUR,0.00000000,0.00000000
WINEUR,0.00008900,0.00008990
TLMBTC,0.00000037,0.00000038
TLMBUSD,0.00000000,0.00000000
TLMUSDT,0.01564000,0.01565000
1INCHUPUSDT,0.00000000,0.00000000
1INCHDOWNUSDT,0.00000000,0.00000000
BTGBUSD,0.00000000,0.00000000
BTGUSDT,0.00000000,0.00000000
HOTBUSD,0.00000000,0.00000000
BNBUAH,10299.00000000,10316.00000000
ONTTRY,6.71200000,6.72300000
VETEUR,0.02745000,0.02747000
VETGBP,0.00000000,0.00000000
WINBRL,0.00048000,0.00048010
MIRBTC,0.00000000,0.00000000
MIRBUSD,0.00000000,0.00000000
MIRUSDT,0.00000000,0.00000000
BARBTC,0.00000000,0.00000000
BARBUSD,0.00000000,0.00000000
BARUSDT,2.27800000,2.28200000
FORTHBTC,0.00008370,0.00008410
FORTHBUSD,0.00000000,0.00000000
FORTHUSDT,3.49800000,3.50100000
CAKEGBP,0.00000000,0.00000000
DOGERUB,0.00000000,0.00000000
HOTBRL,0.00000000,0.00000000
WRXEUR,0.00000000,0.00000000
EZBTC,0.00000000,0.00000000
EZETH,0.00000000,0.00000000
BAKEUSDT,0.22630000,0.22640000
BURGERBUSD,0.00000000,0.00000000
BURGERUSDT,0.54810000,0.54850000
SLPBUSD,0.00000000,0.00000000
SLPUSDT,0.00304000,0.00304100
TRXAUD,0.00000000,0.00000000
TRXEUR,0.09712000,0.09713000
VETTRY,0.86450000,0.86570000
SHIBUSDT,0.00000962,0.00000963
SHIBBUSD,0.00000961,0.00000962
ICPBTC,0.00013440,0.00013470
ICPBNB,0.02244000,0.02249000
ICPBUSD,0.00000000,0.00000000
ICPUSDT,5.61900000,5.62300000
SHIBEUR,0.00000892,0.00000893
SHIBRUB,0.00000000,0.00000000
ETCEUR,18.87000000,18.91000000
ETCBRL,0.00000000,0.00000000
DOGEBIDR,0.00,0.00
ARBTC,0.00019840,0.00019860
ARBNB,0.00000000,0.00000000
ARBUSD,0.00000000,0.00000000
ARUSDT,8.29200000,8.29700000
POLSBTC,0.00001854,0.00001867
POLSBNB,0.00309000,0.00312000
POLSBUSD,0.00000000,0.00000000
POLSUSDT,0.77670000,0.77810000
MDXBTC,0.00000217,0.00000218
MDXBNB,0.00000000,0.00000000
MDXBUSD,0.00000000,0.00000000
MDXUSDT,0.09070000,0.09100000
MASKBNB,0.01398000,0.01402000
MASKBUSD,0.00000000,0.00000000
MASKUSDT,3.50300000,3.50400000
LPTBTC,0.00015080,0.00015120
LPTBNB,0.02519000,0.02527000
LPTBUSD,0.00000000,0.00000000
LPTUSDT,6.31000000,6.32000000
ETHUAH,91683.00000000,91764.00000000
MATICBRL,4.30200000,4.31200000
SOLEUR,66.19000000,66.20000000
SHIBBRL,0.00004791,0.00004794
AGIXBTC,0.00000743,0.00000744
ICPEUR,5.20200000,5.21300000
MATICGBP,0.70150000,0.70350000
SHIBTRY,0.00028101,0.00028103
MATICBIDR,0.00,0.00
MATICRUB,0.00000000,0.00000000
NUBTC,0.00000000,0.00000000
NUBNB,0.00000000,0.00000000
NUBUSD,0.00000000,0.00000000
NUUSDT,0.00000000,0.00000000
XVGUSDT,0.00369600,0.00369800
RLCBUSD,0.00000000,0.00000000
CELRBUSD,0.00000000,0.00000000
ATMBUSD,0.00000000,0.00000000
ZENBUSD,0.00000000,0.00000000
FTMBUSD,0.38200000,0.38240000
THETABUSD,0.00000000,0.00000000
WINBUSD,0.00000000,0.00000000
KAVABUSD,0.00000000,0.00000000
XEMBUSD,0.00000000,0.00000000
ATABTC,0.00000249,0.00000250
ATABNB,0.00000000,0.00000000
ATABUSD,0.00000000,0.00000000
ATAUSDT,0.10410000,0.10420000
GTCBTC,0.00002728,0.00002732
GTCBNB,0.00000000,0.00000000
GTCBUSD,0.00000000,0.00000000
GTCUSDT,1.14000000,1.14100000
TORNBTC,0.00000000,0.00000000
TORNBNB,0.00000000,0.00000000
TORNBUSD,0.00000000,0.00000000
TORNUSDT,0.00000000,0.00000000
MATICTRY,25.28500000,25.28600000
ETCGBP,0.00000000,0.00000000
SOLGBP,57.88000000,57.97000000
BAKEBTC,0.00000541,0.00000542
COTIBUSD,0.00000000,0.00000000
KEEPBTC,0.00000000,0.00000000
KEEPBNB,0.00000000,0.00000000
KEEPBUSD,0.00000000,0.00000000
KEEPUSDT,0.00000000,0.00000000
SOLTRY,2085.40000000,2086.80000000
RUNEGBP,0.00000000,0.00000000
SOLBRL,355.60000000,355.70000000
SCBUSD,0.00000000,0.00000000
CHRBUSD,0.00000000,0.00000000
STMXBUSD,0.00000000,0.00000000
HNTBUSD,0.00000000,0.00000000
FTTBUSD,0.00000000,0.00000000
DOCKBUSD,0.00000000,0.00000000
ADABIDR,0.00,0.00
ERNBNB,0.00000000,0.00000000
ERNBUSD,0.00000000,0.00000000
ERNUSDT,1.96600000,1.96800000
KLAYBTC,0.00000598,0.00000600
KLAYBNB,0.00000000,0.00000000
KLAYBUSD,0.00000000,0.00000000
KLAYUSDT,0.25030000,0.25040000
RUNEEUR,5.53000000,5.53600000
MATICAUD,0.00000000,0.00000000
DOTRUB,0.00000000,0.00000000
UTKBUSD,0.00000000,0.00000000
IOTXBUSD,0.00000000,0.00000000
PHAUSDT,0.10980000,0.11000000
SOLRUB,0.00000000,0.00000000
RUNEAUD,0.00000000,0.00000000
BUSDUAH,0.00000000,0.00000000
BONDBTC,0.00009090,0.00009110
BONDBNB,0.00000000,0.00000000
BONDBUSD,0.00000000,0.00000000
BONDUSDT,3.79900000,3.80100000
MLNBTC,0.00040700,0.00040900
MLNBNB,0.00000000,0.00000000
MLNBUSD,0.00000000,0.00000000
MLNUSDT,17.04000000,17.05000000
GRTTRY,4.72000000,4.72400000
CAKEBRL,0.00000000,0.00000000
ICPRUB,0.00000000,0.00000000
DOTAUD,0.00000000,0.00000000
AAVEBRL,0.00000000,0.00000000
EOSAUD,0.00000000,0.00000000
DEXEUSDT,5.03200000,5.03300000
LTOBUSD,0.00000000,0.00000000
ADXBUSD,0.00000000,0.00000000
QUICKBTC,0.00000122,0.00000123
QUICKBNB,0.00000000,0.00000000
QUICKBUSD,0.00000000,0.00000000
C98USDT,0.22370000,0.22380000
C98BUSD,0.00000000,0.00000000
C98BNB,0.00000000,0.00000000
C98BTC,0.00000535,0.00000536
CLVBTC,0.00000126,0.00000127
CLVBNB,0.00000000,0.00000000
CLVBUSD,0.00000000,0.00000000
CLVUSDT,0.05277000,0.05285000
QNTBTC,0.00272100,0.00272200
QNTBNB,0.00000000,0.00000000
QNTBUSD,0.00000000,0.00000000
QNTUSDT,113.60000000,113.70000000
FLOWBTC,0.00001850,0.00001851
FLOWBNB,0.00308800,0.00309000
FLOWBUSD,0.00000000,0.00000000
FLOWUSDT,0.77300000,0.77400000
XECBUSD,0.00000000,0.00000000
AXSBRL,0.00000000,0.00000000
AXSAUD,0.00000000,0.00000000
TVKUSDT,0.00000000,0.00000000
MINABTC,0.00001934,0.00001937
MINABNB,0.00000000,0.00000000
MINABUSD,0.00000000,0.00000000
MINAUSDT,0.80900000,0.80910000
RAYBNB,0.00289400,0.00294300
RAYBUSD,0.00000000,0.00000000
RAYUSDT,0.72720000,0.72770000
FARMBTC,0.00083600,0.00084600
FARMBNB,0.00000000,0.00000000
FARMBUSD,0.00000000,0.00000000
FARMUSDT,34.98000000,35.09000000
ALPACABTC,0.00000456,0.00000457
ALPACABNB,0.00000000,0.00000000
ALPACABUSD,0.00000000,0.00000000
ALPACAUSDT,0.19070000,0.19090000
TLMTRY,0.45650000,0.45660000
QUICKUSDT,0.05131000,0.05139000
ORNBUSD,0.00000000,0.00000000
MBOXBTC,0.00000723,0.00000724
MBOXBNB,0.00120500,0.00121100
MBOXBUSD,0.00000000,0.00000000
MBOXUSDT,0.30180000,0.30210000
VGXBTC,0.00000000,0.00000000
VGXETH,0.00000000,0.00000000
FORUSDT,0.02020000,0.02024000
REQUSDT,0.08890000,0.08910000
GHSTUSDT,0.93300000,0.93600000
TRURUB,0.00000000,0.00000000
FISBRL,0.00000000,0.00000000
WAXPUSDT,0.06580000,0.06590000
WAXPBUSD,0.00000000,0.00000000
WAXPBNB,0.00000000,0.00000000
WAXPBTC,0.00000157,0.00000158
TRIBEBTC,0.00000000,0.00000000
TRIBEBNB,0.00000000,0.00000000
TRIBEBUSD,0.00000000,0.00000000
TRIBEUSDT,0.00000000,0.00000000
GNOUSDT,225.70000000,226.00000000
GNOBUSD,0.00000000,0.00000000
GNOBNB,0.00000000,0.00000000
GNOBTC,0.00000000,0.00000000
ARPATRY,1.47680000,1.47790000
PROMBTC,0.00011490,0.00011540
MTLBUSD,0.00000000,0.00000000
OGNBUSD,0.00000000,0.00000000
XECUSDT,0.00003431,0.00003432
C98BRL,0.00000000,0.00000000
SOLAUD,0.00000000,0.00000000
XRPBIDR,0.00,0.00
POLYBUSD,0.00000000,0.00000000
ELFUSDT,0.72520000,0.72620000
DYDXUSDT,2.85700000,2.85800000
DYDXBUSD,0.00000000,0.00000000
DYDXBNB,0.01140900,0.01144800
DYDXBTC,0.00006837,0.00006843
ELFBUSD,0.00000000,0.00000000
POLYUSDT,0.00000000,0.00000000
IDEXUSDT,0.05986000,0.05989000
VIDTUSDT,0.02484000,0.02487000
SOLBIDR,0.00,0.00
AXSBIDR,0.00,0.00
BTCUSDP,0.00000000,0.00000000
ETHUSDP,0.00000000,0.00000000
BNBUSDP,0.00000000,0.00000000
USDPBUSD,0.00000000,0.00000000
USDPUSDT,1.00020000,1.00030000
GALAUSDT,0.03120000,0.03121000
GALABUSD,0.03115000,0.03117000
GALABNB,0.00012459,0.00012477
GALABTC,0.00000074,0.00000075
FTMBIDR,0.00,0.00
ALGOBIDR,0.00,0.00
CAKEAUD,0.00000000,0.00000000
KSMAUD,0.00000000,0.00000000
WAVESRUB,0.00000000,0.00000000
SUNBUSD,0.00000000,0.00000000
ILVUSDT,101.59000000,101.66000000
ILVBUSD,0.00000000,0.00000000
ILVBNB,0.00000000,0.00000000
ILVBTC,0.00243000,0.00243400
RENBUSD,0.00000000,0.00000000
YGGUSDT,0.36330000,0.36350000
YGGBUSD,0.00000000,0.00000000
YGGBNB,0.00000000,0.00000000
YGGBTC,0.00000869,0.00000870
STXBUSD,0.00000000,0.00000000
SYSUSDT,0.13250000,0.13280000
DFUSDT,0.03946000,0.03954000
SOLUSDC,0.00000000,0.00000000
ARPARUB,0.00000000,0.00000000
LTCUAH,2995.00000000,3020.00000000
FETBUSD,0.00000000,0.00000000
ARPABUSD,0.00000000,0.00000000
LSKBUSD,0.00000000,0.00000000
AVAXBIDR,0.00,0.00
ALICEBIDR,0.00,0.00
FIDAUSDT,0.27790000,0.27810000
FIDABUSD,0.00000000,0.00000000
FIDABNB,0.00000000,0.00000000
FIDABTC,0.00000664,0.00000667
DENTBUSD,0.00000000,0.00000000
FRONTUSDT,0.34890000,0.34900000
CVPUSDT,0.35050000,0.35110000
AGLDBTC,0.00002276,0.00002278
AGLDBNB,0.00000000,0.00000000
AGLDBUSD,0.00000000,0.00000000
AGLDUSDT,0.95200000,0.95300000
RADBTC,0.00003890,0.00003900
RADBNB,0.00000000,0.00000000
RADBUSD,0.00000000,0.00000000
RADUSDT,1.62700000,1.62800000
UNIAUD,0.00000000,0.00000000
HIVEBUSD,0.00000000,0.00000000
STPTBUSD,0.00000000,0.00000000
BETABTC,0.00000158,0.00000159
BETABNB,0.00000000,0.00000000
BETABUSD,0.00000000,0.00000000
BETAUSDT,0.06605000,0.06606000
SHIBAUD,0.00000000,0.00000000
RAREBTC,0.00000302,0.00000304
RAREBNB,0.00000000,0.00000000
RAREBUSD,0.00000000,0.00000000
RAREUSDT,0.12660000,0.12670000
AVAXBRL,202.80000000,203.10000000
AVAXAUD,0.00000000,0.00000000
LUNAAUD,0.00000000,0.00000000
TROYBUSD,0.00000000,0.00000000
AXSETH,0.00324600,0.00325200
FTMETH,0.00017180,0.00017200
SOLETH,0.03208000,0.03209000
SSVBTC,0.00057750,0.00057820
SSVETH,0.01083400,0.01085100
LAZIOTRY,56.17000000,56.23000000
LAZIOEUR,1.78100000,1.78800000
LAZIOBTC,0.00004602,0.00004615
LAZIOUSDT,1.92400000,1.92500000
CHESSBTC,0.00000519,0.00000520
CHESSBNB,0.00000000,0.00000000
CHESSBUSD,0.00000000,0.00000000
CHESSUSDT,0.21640000,0.21670000
FTMAUD,0.00000000,0.00000000
FTMBRL,0.00000000,0.00000000
SCRTBUSD,0.00000000,0.00000000
ADXUSDT,0.17490000,0.17510000
AUCTIONUSDT,18.09000000,18.11000000
CELOBUSD,0.00000000,0.00000000
FTMRUB,0.00000000,0.00000000
NUAUD,0.00000000,0.00000000
NURUB,0.00000000,0.00000000
REEFTRY,0.06021000,0.06022000
REEFBIDR,0.00,0.00
SHIBDOGE,0.00010000,0.00010020
DARUSDT,0.12936000,0.12939000
DARBUSD,0.00000000,0.00000000
DARBNB,0.00051646,0.00051765
DARBTC,0.00000309,0.00000310
BNXBTC,0.00000700,0.00000701
BNXBNB,0.00000000,0.00000000
BNXBUSD,0.00000000,0.00000000
BNXUSDT,0.29300000,0.29310000
RGTUSDT,0.00000000,0.00000000
RGTBTC,0.00000000,0.00000000
RGTBUSD,0.00000000,0.00000000
RGTBNB,0.00000000,0.00000000
LAZIOBUSD,0.00000000,0.00000000
OXTBUSD,0.00000000,0.00000000
MANATRY,14.37000000,14.38000000
ALGORUB,0.00000000,0.00000000
SHIBUAH,0.00000000,0.00000000
LUNABIDR,0.00,0.00
AUDUSDC,0.00000000,0.00000000
MOVRBTC,0.00016450,0.00016520
MOVRBNB,0.00000000,0.00000000
MOVRBUSD,0.00000000,0.00000000
MOVRUSDT,6.88000000,6.88500000
CITYBTC,0.00006910,0.00006940
CITYBNB,0.00000000,0.00000000
CITYBUSD,0.00000000,0.00000000
CITYUSDT,2.88400000,2.88800000
ENSBTC,0.00021410,0.00021430
ENSBNB,0.03571000,0.03580000
ENSBUSD,0.00000000,0.00000000
ENSUSDT,8.95000000,8.96000000
SANDETH,0.00022840,0.00022860
DOTETH,0.00322500,0.00322700
MATICETH,0.00038880,0.00038900
ANKRBUSD,0.00000000,0.00000000
SANDTRY,14.85000000,14.86000000
MANABRL,0.00000000,0.00000000
KP3RUSDT,74.78000000,74.80000000
QIUSDT,0.02896000,0.02899000
QIBUSD,0.00000000,0.00000000
QIBNB,0.00000000,0.00000000
QIBTC,0.00000069,0.00000070
PORTOBTC,0.00004568,0.00004572
PORTOUSDT,1.90900000,1.91100000
PORTOTRY,55.68000000,55.72000000
PORTOEUR,1.76600000,1.77600000
POWRUSDT,0.38240000,0.38270000
POWRBUSD,0.00000000,0.00000000
AVAXETH,0.01830000,0.01831000
SLPTRY,0.08870000,0.08883000
FISTRY,0.00000000,0.00000000
LRCTRY,7.42000000,7.43000000
CHRETH,0.00007210,0.00007250
FISBIDR,0.00,0.00
VGXUSDT,0.13870000,0.13890000
GALAETH,0.00001401,0.00001403
JASMYUSDT,0.00583300,0.00583400
JASMYBUSD,0.00000000,0.00000000
JASMYBNB,0.00000000,0.00000000
JASMYBTC,0.00000000,0.00000000
AMPBTC,0.00000000,0.00000000
AMPBNB,0.00000000,0.00000000
AMPBUSD,0.00000000,0.00000000
AMPUSDT,0.00395200,0.00395300
PLABTC,0.00000508,0.00000512
PLABNB,0.00000000,0.00000000
PLABUSD,0.00000000,0.00000000
PLAUSDT,0.21240000,0.21280000
PYRBTC,0.00015970,0.00016020
PYRBUSD,0.00000000,0.00000000
PYRUSDT,6.68100000,6.68500000
RNDRBTC,0.00009600,0.00009620
RNDRUSDT,4.01500000,4.01600000
RNDRBUSD,0.00000000,0.00000000
ALCXBTC,0.00043870,0.00043990
ALCXBUSD,0.00000000,0.00000000
ALCXUSDT,18.38000000,18.39000000
SANTOSBTC,0.00007197,0.00007208
SANTOSUSDT,3.00900000,3.01200000
SANTOSBRL,0.00000000,0.00000000
SANTOSTRY,87.71000000,87.95000000
MCBTC,0.00000000,0.00000000
MCBUSD,0.00000000,0.00000000
MCUSDT,0.00000000,0.00000000
BELTRY,21.85000000,21.87000000
COCOSBUSD,0.00000000,0.00000000
DENTTRY,0.03101000,0.03104000
ENJTRY,9.55000000,9.56000000
NEORUB,0.00000000,0.00000000
SANDAUD,0.00000000,0.00000000
SLPBIDR,0.00,0.00
ANYBTC,0.00000000,0.00000000
ANYBUSD,0.00000000,0.00000000
ANYUSDT,0.00000000,0.00000000
BICOBTC,0.00000820,0.00000822
BICOBUSD,0.00000000,0.00000000
BICOUSDT,0.34270000,0.34300000
FLUXBTC,0.00001467,0.00001469
FLUXBUSD,0.00000000,0.00000000
FLUXUSDT,0.61270000,0.61340000
ALICETRY,36.57000000,36.66000000
FXSUSDT,8.78200000,8.78500000
GALABRL,0.15510000,0.15550000
GALATRY,0.91010000,0.91150000
LUNATRY,28.22000000,28.25000000
REQBUSD,0.00000000,0.00000000
SANDBRL,0.00000000,0.00000000
MANABIDR,0.00,0.00
SANDBIDR,0.00,0.00
VOXELBTC,0.00000509,0.00000510
VOXELBNB,0.00000000,0.00000000
VOXELBUSD,0.00000000,0.00000000
VOXELUSDT,0.21290000,0.21300000
COSBUSD,0.00000000,0.00000000
CTXCBUSD,0.00000000,0.00000000
FTMTRY,11.16200000,11.18200000
MANABNB,0.00000000,0.00000000
MINATRY,23.59000000,23.62000000
XTZTRY,26.27000000,26.34000000
HIGHBTC,0.00004364,0.00004373
HIGHBUSD,0.00000000,0.00000000
HIGHUSDT,1.82500000,1.82600000
CVXBTC,0.00009120,0.00009150
CVXBUSD,0.00000000,0.00000000
CVXUSDT,3.81500000,3.81900000
PEOPLEBTC,0.00000031,0.00000032
PEOPLEBUSD,0.00000000,0.00000000
PEOPLEUSDT,0.01325000,0.01326000
OOKIBUSD,0.00000000,0.00000000
OOKIUSDT,0.00218800,0.00219000
COCOSTRY,0.00000000,0.00000000
GXSBNB,0.00000000,0.00000000
LINKBNB,0.05968000,0.05977000
LUNAETH,0.00000000,0.00000000
MDTBUSD,0.00000000,0.00000000
NULSBUSD,0.00000000,0.00000000
SPELLBTC,0.00000000,0.00000000
SPELLUSDT,0.00059480,0.00059490
SPELLBUSD,0.00000000,0.00000000
USTBTC,0.00000000,0.00000000
USTBUSD,0.00000000,0.00000000
USTUSDT,0.00000000,0.00000000
JOEBTC,0.00001603,0.00001607
JOEBUSD,0.00000000,0.00000000
JOEUSDT,0.67010000,0.67030000
ATOMETH,0.00480900,0.00481000
DUSKBUSD,0.00000000,0.00000000
EGLDETH,0.02900000,0.02901000
ICPETH,0.00252200,0.00253100
LUNABRL,0.00000000,0.00000000
LUNAUST,0.00000000,0.00000000
NEARETH,0.00105500,0.00105600
ROSEBNB,0.00000000,0.00000000
VOXELETH,0.00000000,0.00000000
ALICEBNB,0.00000000,0.00000000
ATOMTRY,312.30000000,312.70000000
ETHUST,0.00000000,0.00000000
GALAAUD,0.00000000,0.00000000
LRCBNB,0.00000000,0.00000000
ONEETH,0.00000000,0.00000000
OOKIBNB,0.00000000,0.00000000
ACHBTC,0.00000048,0.00000049
ACHBUSD,0.00000000,0.00000000
ACHUSDT,0.02047000,0.02048000
IMXBTC,0.00004914,0.00004916
IMXBUSD,0.00000000,0.00000000
IMXUSDT,2.05480000,2.05520000
GLMRBTC,0.00000811,0.00000813
GLMRBUSD,0.00000000,0.00000000
GLMRUSDT,0.33930000,0.33940000
ATOMBIDR,0.00,0.00
DYDXETH,0.00000000,0.00000000
FARMETH,0.00000000,0.00000000
FORBNB,0.00000000,0.00000000
ICPTRY,163.80000000,164.30000000
JASMYETH,0.00000000,0.00000000
LINABNB,0.00000000,0.00000000
OOKIETH,0.00000000,0.00000000
ROSEETH,0.00003668,0.00003677
UMABUSD,0.00000000,0.00000000
UNIETH,0.00280100,0.00280400
XTZETH,0.00000000,0.00000000
LOKABTC,0.00000653,0.00000655
LOKABNB,0.00109020,0.00109430
LOKABUSD,0.00000000,0.00000000
LOKAUSDT,0.27350000,0.27360000
ATOMBRL,0.00000000,0.00000000
BNBUST,0.00000000,0.00000000
CRVETH,0.00029410,0.00029470
HIGHBNB,0.00728700,0.00731000
NEARRUB,0.00000000,0.00000000
ROSETRY,2.38600000,2.38900000
SCRTUSDT,0.43520000,0.43570000
API3BTC,0.00003978,0.00003982
API3BUSD,0.00000000,0.00000000
API3USDT,1.66300000,1.66400000
BTTCUSDT,0.00000138,0.00000139
BTTCUSDC,0.00000000,0.00000000
BTTCTRY,0.00004039,0.00004046
ACABTC,0.00000189,0.00000190
ACABUSD,0.00000000,0.00000000
ACAUSDT,0.07940000,0.07960000
ANCBTC,0.00000000,0.00000000
ANCBUSD,0.00000000,0.00000000
ANCUSDT,0.00000000,0.00000000
BDOTDOT,0.00000000,0.00000000
XNOBTC,0.00003060,0.00003086
XNOETH,0.00000000,0.00000000
XNOBUSD,0.00000000,0.00000000
XNOUSDT,1.28200000,1.28300000
COSTRY,0.23520000,0.23590000
KAVAETH,0.00035180,0.00035250
MCBNB,0.00000000,0.00000000
ONETRY,0.45710000,0.45720000
WOOBTC,0.00000665,0.00000666
WOOBNB,0.00111000,0.00111600
WOOBUSD,0.00000000,0.00000000
WOOUSDT,0.27810000,0.27830000
CELRETH,0.00000000,0.00000000
PEOPLEBNB,0.00000000,0.00000000
SLPBNB,0.00000000,0.00000000
SPELLBNB,0.00000000,0.00000000
SPELLTRY,0.01735000,0.01737000
TFUELBUSD,0.00000000,0.00000000
AXSTRY,211.20000000,211.40000000
DARTRY,3.77400000,3.78100000
NEARTRY,68.57000000,68.71000000
IDEXBNB,0.00000000,0.00000000
ALPINEEUR,1.76100000,1.77200000
ALPINETRY,55.63000000,55.80000000
ALPINEUSDT,1.90500000,1.90800000
ALPINEBTC,0.00004558,0.00004573
TUSDT,0.02507000,0.02508000
TBUSD,0.00000000,0.00000000
API3BNB,0.00000000,0.00000000
BETAETH,0.00002964,0.00002991
INJTRY,752.06000000,753.50000000
TLMBNB,0.00000000,0.00000000
ASTRBUSD,0.00000000,0.00000000
ASTRUSDT,0.07400000,0.07410000
API3TRY,48.46000000,48.62000000
GLMRBNB,0.00000000,0.00000000
MBOXTRY,8.81000000,8.82000000
NBTBIDR,0.00,0.00
NBTUSDT,0.00000000,0.00000000
GMTBTC,0.00000649,0.00000650
GMTBNB,0.00108200,0.00108600
GMTBUSD,0.00000000,0.00000000
GMTUSDT,0.27140000,0.27150000
ANCBNB,0.00000000,0.00000000
ATOMEUR,9.91600000,9.92300000
GALAEUR,0.02889000,0.02893000
KSMETH,0.00000000,0.00000000
UMATRY,64.08000000,64.20000000
KDABTC,0.00001671,0.00001674
KDABUSD,0.00000000,0.00000000
KDAUSDT,0.69900000,0.70000000
APEUSDT,1.66500000,1.66600000
APEBUSD,0.00000000,0.00000000
APEBTC,0.00003984,0.00003988
ALPINEBUSD,0.00000000,0.00000000
LUNAGBP,0.00000000,0.00000000
NEAREUR,2.17600000,2.18000000
TWTTRY,34.71000000,34.75000000
WAVESEUR,0.00000000,0.00000000
APEEUR,1.54200000,1.54500000
APEGBP,0.00000000,0.00000000
APETRY,48.59000000,48.60000000
BSWUSDT,0.09580000,0.09590000
BSWBUSD,0.00000000,0.00000000
BSWBNB,0.00038270,0.00038340
APEBNB,0.00664800,0.00666800
GMTBRL,0.00000000,0.00000000
GMTETH,0.00012180,0.00012200
JASMYTRY,0.17012600,0.17037000
SANTOSBUSD,0.00000000,0.00000000
APEAUD,0.00000000,0.00000000
BIFIUSDT,379.40000000,380.00000000
GMTEUR,0.25110000,0.25180000
IMXBNB,0.00000000,0.00000000
RUNEETH,0.00267870,0.00268080
AVAXGBP,0.00000000,0.00000000
MULTIBTC,0.00004523,0.00004535
MULTIBUSD,0.00000000,0.00000000
MULTIUSDT,1.89300000,1.89400000
APEETH,0.00074730,0.00074860
BSWETH,0.00000000,0.00000000
FILTRY,138.35000000,138.67000000
FTMEUR,0.35450000,0.35480000
GMTGBP,0.00000000,0.00000000
ZILTRY,0.67360000,0.67500000
GMTTRY,7.92000000,7.93000000
WAVESTRY,65.61000000,65.69000000
BTCUST,0.00000000,0.00000000
ASTRBTC,0.00000177,0.00000178
ASTRETH,0.00000000,0.00000000
BSWTRY,2.79400000,2.80400000
FTTETH,0.00000000,0.00000000
FUNBNB,0.00001970,0.00001980
PORTOBUSD,0.00000000,0.00000000
STEEMUSDT,0.25340000,0.25350000
ZILEUR,0.00000000,0.00000000
APEBRL,0.00000000,0.00000000
AUDIOTRY,6.18700000,6.20200000
BTTCBUSD,0.00000000,0.00000000
GMTAUD,0.00000000,0.00000000
MBLBUSD,0.00000000,0.00000000
MOBUSDT,0.57000000,0.57100000
MOBBUSD,0.00000000,0.00000000
MOBBTC,0.00001367,0.00001368
NEXOUSDT,0.84500000,0.84700000
NEXOBUSD,0.00000000,0.00000000
NEXOBTC,0.00002021,0.00002022
REIUSDT,0.03050000,0.03051000
REIBNB,0.00000000,0.00000000
REIETH,0.00000000,0.00000000
GALUSDT,1.56200000,1.56300000
GALBUSD,0.00000000,0.00000000
GALBNB,0.00000000,0.00000000
GALBTC,0.00003734,0.00003740
JASMYEUR,0.00000000,0.00000000
KNCBNB,0.00000000,0.00000000
SHIBGBP,0.00000000,0.00000000
GALEUR,0.00000000,0.00000000
GALTRY,45.55000000,45.65000000
LDOBUSD,0.00000000,0.00000000
LDOUSDT,2.29600000,2.29700000
LDOBTC,0.00005493,0.00005497
ENSTRY,261.10000000,261.80000000
DAREUR,0.11985000,0.11998000
DARETH,0.00000000,0.00000000
ALGOETH,0.00008990,0.00009010
ALGOTRY,5.85200000,5.85400000
GALETH,0.00000000,0.00000000
EPXUSDT,0.00022590,0.00022620
EPXBUSD,0.00000000,0.00000000
RUNETRY,0.00000000,0.00000000
GALBRL,0.00000000,0.00000000
STEEMBUSD,0.00000000,0.00000000
CVCBUSD,0.00000000,0.00000000
REIBUSD,0.00000000,0.00000000
DREPBUSD,0.00000000,0.00000000
AKROBUSD,0.00000000,0.00000000
PUNDIXBUSD,0.00000000,0.00000000
LUNCBUSD,0.00018139,0.00018160
USTCBUSD,0.00000000,0.00000000
OPBTC,0.00005608,0.00005609
OPBUSD,0.00000000,0.00000000
OPUSDT,2.34400000,2.34500000
OGBUSD,0.00000000,0.00000000
KEYBUSD,0.00000000,0.00000000
ASRBUSD,0.00000000,0.00000000
FIROBUSD,0.00000000,0.00000000
NKNBUSD,0.00000000,0.00000000
OPBNB,0.00935800,0.00936000
OPEUR,2.17000000,2.17300000
GTOBUSD,0.00000000,0.00000000
SNXETH,0.00209900,0.00210300
WBTCBUSD,41700.76000000,42244.92000000
BELETH,0.00000000,0.00000000
LITETH,0.00000000,0.00000000
LEVERUSDT,0.00136100,0.00136200
LEVERBUSD,0.00000000,0.00000000
BURGERETH,0.00000000,0.00000000
PEOPLEETH,0.00000000,0.00000000
UNFIETH,0.00000000,0.00000000
BONDETH,0.00000000,0.00000000
STORJTRY,19.78000000,19.80000000
OPETH,0.00105200,0.00105300
ETCTRY,595.00000000,596.10000000
WINGETH,0.00000000,0.00000000
FILETH,0.00212900,0.00213100
GLMBUSD,0.00000000,0.00000000
SSVBUSD,0.00000000,0.00000000
STGBTC,0.00001281,0.00001282
STGBUSD,0.00000000,0.00000000
STGUSDT,0.53560000,0.53580000
ANKRTRY,0.76530000,0.76610000
ARKBUSD,0.00000000,0.00000000
BETHBUSD,0.00000000,0.00000000
LOOMBUSD,0.00000000,0.00000000
SNMBUSD,0.00000000,0.00000000
AMBBUSD,0.00000000,0.00000000
LUNCUSDT,0.00018174,0.00018175
PHBBUSD,0.00000000,0.00000000
GASBUSD,0.00000000,0.00000000
NEBLBUSD,0.00000000,0.00000000
PROSBUSD,0.00000000,0.00000000
VIBBUSD,0.00000000,0.00000000
GMXBTC,0.00118200,0.00118400
GMXBUSD,0.00000000,0.00000000
GMXUSDT,49.42000000,49.44000000
AGIXBUSD,0.00000000,0.00000000
NEBLUSDT,0.00000000,0.00000000
SNTBUSD,0.00000000,0.00000000
POLYXBTC,0.00000463,0.00000464
POLYXBUSD,0.00000000,0.00000000
POLYXUSDT,0.19360000,0.19380000
APTBTC,0.00019466,0.00019482
APTUSDT,8.13680000,8.13840000
APTBUSD,0.00000000,0.00000000
BTCPLN,168708.00000000,168784.00000000
ETHPLN,8991.00000000,8992.00000000
BUSDPLN,0.00000000,0.00000000
APTEUR,7.53280000,7.55790000
APTTRY,237.50000000,237.60000000
APTBRL,0.00000000,0.00000000
QKCBUSD,0.00000000,0.00000000
OSMOBTC,0.00002365,0.00002370
OSMOUSDT,0.98910000,0.98920000
OSMOBUSD,0.00000000,0.00000000
HFTBTC,0.00000786,0.00000788
HFTBUSD,0.00000000,0.00000000
HFTUSDT,0.32890000,0.32920000
ARPAETH,0.00002272,0.00002280
PHBUSDT,0.81420000,0.81470000
VITEBUSD,0.00000000,0.00000000
HOOKBTC,0.00002873,0.00002877
HOOKUSDT,1.20090000,1.20120000
HOOKBUSD,0.00000000,0.00000000
HOOKBNB,0.00479670,0.00481150
MAGICBTC,0.00002254,0.00002256
MAGICBUSD,0.00000000,0.00000000
MAGICUSDT,0.94250000,0.94270000
BUSDRON,0.00000000,0.00000000
HIFIETH,0.00032510,0.00032540
HIFIUSDT,0.72410000,0.72430000
RPLBTC,0.00069200,0.00069800
RPLBUSD,0.00000000,0.00000000
RPLUSDT,28.95000000,28.99000000
PROSUSDT,0.35620000,0.35630000
FETTRY,16.26400000,16.27700000
GFTBUSD,0.00000000,0.00000000
AGIXUSDT,0.31060000,0.31074000
APTETH,0.00365100,0.00365700
BTCRON,193525.00000000,193755.00000000
GNSUSDT,3.95500000,3.95800000
GNSBTC,0.00009460,0.00009490
SYNBTC,0.00001054,0.00001058
SYNUSDT,0.44110000,0.44180000
VIBUSDT,0.06983000,0.06989000
SSVUSDT,24.15000000,24.16000000
LQTYUSDT,1.37600000,1.37700000
LQTYBTC,0.00003290,0.00003298
AMBUSDT,0.00855000,0.00856000
BETHUSDT,0.00000000,0.00000000
CFXTRY,5.20900000,5.21700000
STXTRY,28.53100000,28.61800000
USTCUSDT,0.04144276,0.04146126
GASUSDT,7.23700000,7.23800000
GLMUSDT,0.23840000,0.23870000
PROMUSDT,4.80100000,4.80900000
QKCUSDT,0.01099700,0.01100900
UFTUSDT,0.32760000,0.32820000
IDBTC,0.00000651,0.00000652
IDBNB,0.00108620,0.00109110
IDUSDT,0.27211000,0.27220000
ARBBTC,0.00002792,0.00002793
ARBUSDT,1.16700000,1.16710000
AGIXTRY,9.06000000,9.07100000
LOOMUSDT,0.11349000,0.11353000
OAXUSDT,0.17780000,0.17800000
ARBTUSD,1.16810000,1.16850000
ARBTRY,34.05000000,34.07000000
ARBEUR,1.08060000,1.08200000
IDTUSD,0.27236000,0.27298000
IDTRY,7.93600000,7.94900000
IDEUR,0.00000000,0.00000000
LDOTUSD,2.29900000,2.30000000
MATICTUSD,0.86700000,0.86750000
OPTUSD,2.34700000,2.34800000
SOLTUSD,71.54000000,71.55000000
SSVTUSD,24.16000000,24.21000000
RDNTBTC,0.00000666,0.00000667
RDNTUSDT,0.27850000,0.27860000
RDNTTUSD,0.27880000,0.27940000
ARBRUB,0.00000000,0.00000000
JOETRY,19.55000000,19.58000000
MAGICTRY,27.50000000,27.53000000
USDTPLN,4.03700000,4.03800000
ACHTRY,0.59730000,0.59810000
XVSTRY,282.80000000,283.20000000
EGLDRON,298.80000000,299.70000000
USDTRON,4.63500000,4.63600000
USDTARS,1004.30000000,1004.70000000
DOGETUSD,0.09630000,0.09636000
WBTCUSDT,41726.60000000,41753.37000000
EDUUSDT,0.71007000,0.71008000
EDUTUSD,0.71031000,0.71146000
EDUBNB,0.00283500,0.00284210
EDUBTC,0.00001698,0.00001700
EDUEUR,0.00000000,0.00000000
EDUTRY,20.71000000,20.74000000
SUIUSDT,0.64580000,0.64590000
SUITUSD,0.64620000,0.64680000
SUIBTC,0.00001545,0.00001546
SUIBNB,0.00257900,0.00258300
SUIEUR,0.59790000,0.60190000
SUITRY,18.85000000,18.87000000
AERGOUSDT,0.15750000,0.15760000
RNDRTRY,117.17000000,117.19000000
PEPEUSDT,0.00000142,0.00000143
PEPETUSD,0.00000142,0.00000143
FLOKIUSDT,0.00003818,0.00003821
FLOKITUSD,0.00003821,0.00003838
OGTRY,147.80000000,148.10000000
PEPETRY,0.00004164,0.00004165
WBETHETH,1.02240000,1.02250000
ASTUSDT,0.11890000,0.11920000
SNTUSDT,0.04210000,0.04212000
FLOKITRY,0.00111360,0.00111490
CITYTRY,84.30000000,84.40000000
COMBOUSDT,0.84000000,0.84100000
COMBOBNB,0.00335300,0.00336300
COMBOTRY,24.50000000,24.53000000
LTCTRY,2129.00000000,2130.00000000
RADTRY,47.46000000,47.61000000
BTCARS,41960621.00000000,41982852.00000000
OPTRY,68.43000000,68.47000000
PAXGTRY,57531.00000000,57610.00000000
MAVBTC,0.00000744,0.00000746
MAVUSDT,0.31130000,0.31150000
MAVTUSD,0.31150000,0.31220000
CFXTUSD,0.17870000,0.17900000
PENDLEBTC,0.00002750,0.00002754
PENDLEUSDT,1.14980000,1.15050000
PENDLETUSD,1.15140000,1.15220000
MAVTRY,9.08000000,9.11000000
OCEANTRY,14.54900000,14.58700000
TUSDTRY,29.14000000,29.16000000
ARBETH,0.00052380,0.00052440
BCHTRY,6807.00000000,6814.00000000
XVGTRY,0.10800000,0.10810000
XVGTUSD,0.00369900,0.00370000
ARKMUSDT,0.47060000,0.47080000
ARKMTUSD,0.47100000,0.47180000
ARKMTRY,13.72700000,13.75600000
ARKMBNB,0.00187950,0.00188190
ARKMBTC,0.00001125,0.00001128
WBETHUSDT,2275.15000000,2276.62000000
ACATRY,2.31600000,2.32400000
AVAXTUSD,40.80000000,40.84000000
COMPTUSD,51.60000000,51.74000000
COMPTRY,1503.00000000,1506.00000000
XECTRY,0.00100160,0.00100270
QUICKTUSD,0.05126000,0.05135000
WLDUSDT,2.42200000,2.42300000
WLDBTC,0.00005796,0.00005798
BNBFDUSD,249.90000000,250.00000000
FDUSDBUSD,1.00000000,1.00010000
FDUSDUSDT,1.00130000,1.00140000
ARKMRUB,0.00000000,0.00000000
WLDTRY,70.64000000,70.75000000
WLDRUB,0.00000000,0.00000000
AMPTRY,0.11504000,0.11543000
OGNTRY,3.93000000,3.93900000
BTCFDUSD,41732.18000000,41732.19000000
ETHFDUSD,2223.48000000,2223.99000000
ASRTRY,70.24000000,70.38000000
ATMTRY,78.08000000,78.15000000
ACMTRY,55.66000000,55.70000000
BARTRY,66.48000000,66.68000000
JUVTRY,73.57000000,73.89000000
PSGTRY,93.37000000,93.59000000
SEIBNB,0.00098490,0.00098690
SEIBTC,0.00000590,0.00000591
SEIFDUSD,0.24660000,0.24670000
SEITRY,7.20500000,7.21000000
SEIUSDT,0.24690000,0.24700000
CYBERBNB,0.02516500,0.02522800
CYBERBTC,0.00015078,0.00015092
CYBERFDUSD,6.29000000,6.30100000
CYBERTRY,183.83000000,184.03000000
CYBERUSDT,6.30300000,6.30500000
CYBERTUSD,6.30900000,6.32900000
SEITUSD,0.24700000,0.24730000
LPTTRY,184.10000000,184.50000000
UNITRY,182.00000000,182.50000000
SOLFDUSD,71.34000000,71.36000000
TOMOTRY,0.00000000,0.00000000
UNFITRY,205.50000000,205.70000000
XRPFDUSD,0.62250000,0.62280000
DOGEFDUSD,0.09606000,0.09611000
CYBERETH,0.00282800,0.00283200
MTLTRY,46.20000000,46.22000000
ARKUSDT,0.94780000,0.94790000
CREAMUSDT,17.75000000,17.78000000
GFTUSDT,0.02453000,0.02455000
IQUSDT,0.00602000,0.00603000
USDTVAI,1.00100000,1.00700000
ARBFDUSD,1.16550000,1.16590000
FDUSDTRY,29.23000000,29.24000000
FRONTTRY,10.18500000,10.19900000
SUIFDUSD,0.64440000,0.64640000
NTRNBTC,0.00001776,0.00001782
NTRNUSDT,0.74300000,0.74330000
NTRNBNB,0.00296400,0.00297500
FILFDUSD,4.73500000,4.73700000
FRONTTUSD,0.34920000,0.35050000
LEVERTRY,0.03974000,0.03976000
LTCFDUSD,72.87000000,72.89000000
ADAFDUSD,0.59720000,0.59740000
RUNETUSD,5.97700000,5.98500000
TRBTRY,3189.00000000,3192.00000000
ATOMFDUSD,10.69200000,10.70100000
AVAXFDUSD,40.70000000,40.72000000
BANDTRY,46.38000000,46.50000000
BCHFDUSD,232.90000000,233.00000000
LOOMTRY,3.31300000,3.31600000
MATICFDUSD,0.86470000,0.86490000
ALGOFDUSD,0.20000000,0.20050000
DOTFDUSD,7.17000000,7.17900000
FTMFDUSD,0.38190000,0.38230000
LINKFDUSD,14.92200000,14.92800000
NEARFDUSD,2.34600000,2.34800000
STRAXTRY,30.98000000,31.05000000
TIABTC,0.00029180,0.00029217
TIAUSDT,12.19540000,12.19850000
TIATRY,355.98000000,356.36000000
MEMEBNB,0.00013853,0.00013892
MEMEUSDT,0.03472200,0.03472500
MEMEFDUSD,0.03464300,0.03467900
MEMETUSD,0.03474300,0.03482000
MEMETRY,1.01290000,1.01401000
ORDIBTC,0.00130650,0.00130780
ORDIUSDT,54.60300000,54.61400000
ORDITRY,1593.60000000,1594.50000000
EGLDFDUSD,64.36000000,64.45000000
FETFDUSD,0.55640000,0.55750000
GASFDUSD,7.22200000,7.23000000
INJETH,0.01155700,0.01160700
INJTUSD,25.77700000,25.87600000
OPFDUSD,2.34000000,2.34300000
ORDIFDUSD,54.49600000,54.58200000
ORDITUSD,54.64900000,54.82600000
RNDRFDUSD,4.00500000,4.01200000
SHIBTUSD,0.00000963,0.00000964
BEAMXUSDT,0.02154600,0.02158000
ARKTRY,27.65000000,27.68000000
BEAMXTRY,0.62920000,0.63130000
CAKETRY,73.89000000,74.04000000
CAKETUSD,2.53600000,2.54700000
DYDXFDUSD,2.85200000,2.85400000
PIVXUSDT,0.34360000,0.34410000
RUNEFDUSD,5.96100000,5.96400000
TIATUSD,12.20450000,12.23620000
DOTTUSD,7.19000000,7.20100000
GALAFDUSD,0.03115000,0.03119000
WLDFDUSD,2.41700000,2.42200000
GASTRY,211.10000000,211.30000000
NTRNTRY,21.65000000,21.70000000
VICBTC,0.00002307,0.00002318
VICUSDT,0.96500000,0.96700000
VICTRY,28.17000000,28.27000000
BLURBTC,0.00001132,0.00001134
BLURUSDT,0.47350000,0.47360000
BLURTRY,13.80000000,13.83000000
BLURFDUSD,0.47240000,0.47570000
SUPERFDUSD,0.55490000,0.55660000
USTCFDUSD,0.04137061,0.04142218
USTCTRY,1.20900000,1.21000000
DYDXTRY,83.35000000,83.50000000
VANRYUSDT,0.05224000,0.05236000
VANRYBTC,0.00000125,0.00000126
BTCAEUR,38592.37000000,38728.67000000
AEURUSDT,1.07900000,1.07970000
ETHAEUR,2056.25000000,2063.79000000
EURAEUR,0.99990000,1.00020000
AUCTIONFDUSD,18.05000000,18.16000000
IOTAFDUSD,0.26750000,0.26820000
LUNCTRY,0.00530200,0.00530400
SUPERTRY,16.22000000,16.23000000
JTOUSDT,3.15240000,3.15260000
JTOFDUSD,3.14650000,3.14970000
JTOTRY,91.86500000,92.01600000
